-- phpMyAdmin SQL Dump
-- version 4.7.0
-- https://www.phpmyadmin.net/
--
-- Host: 127.0.0.1
-- Generation Time: Mar 19, 2018 at 03:33 AM
-- Server version: 10.1.25-MariaDB
-- PHP Version: 7.1.7

SET SQL_MODE = "NO_AUTO_VALUE_ON_ZERO";
SET AUTOCOMMIT = 0;
START TRANSACTION;
SET time_zone = "+00:00";


/*!40101 SET @OLD_CHARACTER_SET_CLIENT=@@CHARACTER_SET_CLIENT */;
/*!40101 SET @OLD_CHARACTER_SET_RESULTS=@@CHARACTER_SET_RESULTS */;
/*!40101 SET @OLD_COLLATION_CONNECTION=@@COLLATION_CONNECTION */;
/*!40101 SET NAMES utf8mb4 */;

--
-- Database: `test`
--

-- --------------------------------------------------------

--
-- Table structure for table `category`
--

CREATE TABLE `category` (
  `id` int(11) NOT NULL,
  `category` varchar(20) NOT NULL
) ENGINE=InnoDB DEFAULT CHARSET=latin1;

--
-- Dumping data for table `category`
--

INSERT INTO `category` (`id`, `category`) VALUES
(1, 'deficiency'),
(2, 'infectious'),
(12, 'infectious'),
(13, 'physical'),
(16, 'physical'),
(24, 'non-infectious'),
(25, 'infectious'),
(26, 'infectious'),
(27, 'infectious');

-- --------------------------------------------------------

--
-- Table structure for table `comment`
--

CREATE TABLE `comment` (
  `id` int(11) NOT NULL,
  `comment` varchar(200) NOT NULL,
  `user` varchar(10) NOT NULL
) ENGINE=InnoDB DEFAULT CHARSET=latin1;

--
-- Dumping data for table `comment`
--

INSERT INTO `comment` (`id`, `comment`, `user`) VALUES
(1, 'Take medicine xyz', 'doctor1'),
(1, 'Try doing this', 'doctor2'),
(12, 'Take xyz', 'doctor1'),
(13, 'Take this medicine', 'doctor'),
(16, 'Avoid this', 'doctor2'),
(16, 'Take this medicine', 'doctor'),
(1, 'hi', 'doctor'),
(1, 'this is 18 comment', 'doctor'),
(1, 'Working', 'doctor'),
(21, 'hi', 'doctor'),
(21, 'hello', 'doctor'),
(0, 'solution', 'doctor'),
(16, 'it works', 'doctor'),
(24, 'Solution', 'doctor'),
(24, 'u will be asafe', 'doctor'),
(25, 'Take this medicine', 'doctor1'),
(25, 'Take this medicine', 'doctor1'),
(26, 'take medicine a', 'doctor');

-- --------------------------------------------------------

--
-- Table structure for table `conversation`
--

CREATE TABLE `conversation` (
  `id` int(11) NOT NULL,
  `user_one` int(11) NOT NULL,
  `user_two` int(11) NOT NULL
) ENGINE=InnoDB DEFAULT CHARSET=latin1;

--
-- Dumping data for table `conversation`
--

INSERT INTO `conversation` (`id`, `user_one`, `user_two`) VALUES
(6, 3, 1),
(7, 3, 2),
(8, 3, 7),
(13, 2, 7),
(14, 2, 1),
(15, 2, 5),
(16, 2, 6),
(17, 2, 8),
(18, 2, 4),
(19, 0, 7),
(20, 5, 7),
(21, 5, 1),
(22, 5, 4),
(23, 5, 6),
(24, 5, 8);

-- --------------------------------------------------------

--
-- Table structure for table `doctor`
--

CREATE TABLE `doctor` (
  `id` int(11) NOT NULL,
  `name` varchar(50) NOT NULL,
  `email` varchar(50) NOT NULL,
  `u_reg_num` int(11) NOT NULL,
  `phnum` int(11) NOT NULL,
  `c_num` int(11) NOT NULL,
  `dob` date NOT NULL,
  `qualification` varchar(50) NOT NULL,
  `field` varchar(50) NOT NULL,
  `pwd` varchar(50) NOT NULL,
  `c_address` varchar(100) NOT NULL
) ENGINE=InnoDB DEFAULT CHARSET=latin1;

-- --------------------------------------------------------

--
-- Table structure for table `imagetest`
--

CREATE TABLE `imagetest` (
  `name` varchar(50) NOT NULL,
  `name2` varchar(50) NOT NULL
) ENGINE=InnoDB DEFAULT CHARSET=latin1;

--
-- Dumping data for table `imagetest`
--

INSERT INTO `imagetest` (`name`, `name2`) VALUES
('sagar', 'dimple'),
('dimple', 'sagar');

-- --------------------------------------------------------

--
-- Table structure for table `login`
--

CREATE TABLE `login` (
  `userid` int(11) NOT NULL,
  `username` varchar(100) NOT NULL,
  `email` varchar(100) NOT NULL,
  `password` varchar(50) NOT NULL,
  `type` enum('patient','doctor','admin','pharmacist') NOT NULL DEFAULT 'patient'
) ENGINE=InnoDB DEFAULT CHARSET=latin1;

--
-- Dumping data for table `login`
--

INSERT INTO `login` (`userid`, `username`, `email`, `password`, `type`) VALUES
(1, 'patient', 'patient@test.com', 'patient', 'patient'),
(2, 'doctor', 'doctor@test.com', 'doctor', 'doctor'),
(3, 'admin', 'admin@test.com', 'admin', 'admin'),
(4, 'pharmacist', 'pharmacist@test.com', 'pharmacist', 'pharmacist'),
(5, 'doctor1', 'doctor1@test.com', 'doctor1', 'doctor'),
(6, 'doctor2', 'doctor2@test.com', 'doctor2', 'doctor'),
(7, 'patient1', 'patient1@gmai.com', 'patient1', 'patient'),
(8, 'patient2', 'patient2@gmail.com', 'patient2', 'patient');

-- --------------------------------------------------------

--
-- Table structure for table `messages`
--

CREATE TABLE `messages` (
  `id` int(11) NOT NULL,
  `conversation_id` int(11) NOT NULL,
  `user_from` int(11) NOT NULL,
  `user_to` int(11) NOT NULL,
  `message` text NOT NULL
) ENGINE=InnoDB DEFAULT CHARSET=latin1;

--
-- Dumping data for table `messages`
--

INSERT INTO `messages` (`id`, `conversation_id`, `user_from`, `user_to`, `message`) VALUES
(7, 6, 3, 1, 'hi'),
(8, 7, 3, 2, 'hello'),
(9, 6, 3, 1, 'hello'),
(10, 8, 3, 7, 'hello'),
(11, 13, 2, 7, 'hi this is doctor'),
(12, 6, 1, 3, 'hello'),
(13, 14, 2, 1, 'hi'),
(14, 14, 1, 2, 'hi'),
(15, 20, 5, 7, 'hi'),
(16, 20, 7, 5, 'hi'),
(17, 14, 1, 2, 'hello again'),
(18, 21, 5, 1, 'hey'),
(19, 21, 1, 5, 'Hello');

-- --------------------------------------------------------

--
-- Table structure for table `newsfeed`
--

CREATE TABLE `newsfeed` (
  `id` int(11) NOT NULL,
  `name` varchar(50) NOT NULL,
  `title` varchar(100) NOT NULL,
  `msg` varchar(1000) NOT NULL,
  `date` varchar(10) NOT NULL,
  `time` time NOT NULL
) ENGINE=InnoDB DEFAULT CHARSET=latin1;

--
-- Dumping data for table `newsfeed`
--

INSERT INTO `newsfeed` (`id`, `name`, `title`, `msg`, `date`, `time`) VALUES
(1, 'person1', 'SAGAR', 'Climate warming, whatever one concludes about its effect on the earth, is insufficiently understood as a concept that has been constructed by scientists, politicians and others, argues David Demerrit, a lecturer in geography at King\'s College London, in an exchange with Stephen H. Schneider, a professor of biological sciences at Stanford University. Many observers consider the phenomenon\'s construction -- as \"a global-scale environmental problem caused by the universal physical properties of greenhouse gases\" -- to be reductionist, Mr. Demerrit writes. Yet \"this reductionist formulation serves a variety of political purposes,\" including obscuring the role of rich nations in producing the vast majority of the greenhouse gases. Mr. Demerrit says his objective is to unmask the ways that  Mr. Schneider also ', '15-1-18', '12:29:43'),
(2, 'person2', 'SAGAR AGAIN', 'Articles in the two magazines offer new ways to examine the debate over globalization. In \"The American Prospect,\" Benjamin R. Barber writes that discussions about globalization have focused on businesses and governments -- excluding the role of citizen-led groups. Mr. Barber, a professor of political science at Rutgers University, cites numerous examples in which citizens have reshaped public debate worldwide, including the campaign against land mines, efforts to protect dolphins from the tuna industry, and the \"microcredit\" movement in which small loans are made to women in developing nations to help them start businesses. Such movements, Mr. Barber writes, are having a tremendous, positive impact, and deserve attention and support. At the same time, he cautions against overstating their import. \"These transnational civic projects should not fool us into thinking that Amnesty International or Medecins are the equivalent in clout of AOL Time Warner\" ', '16-1-18', '19:22:39'),
(3, 'person1', 'HELLO WORLD', 'Of course, he writes, Nike stockholders want their company to profit and the workers in Nike factories in developing nations want to put food on their tables. But \"are those Nike stockholders really happier behind the wheel of a Mercedes-Benz S.U.V. than they would be driving a Hyundai Accent? Might some Indonesian factory workers be better off if they had never left the farm?\" Mr. Wright asks. He cites evidence that globalization has indeed made people happier, both in some economically wealthy nations and some poor nations. In poor countries, he argues, greater economic wealth is not a zero-sum game because people \"are attaining things -- decent nutrition, health care -- that raise their happiness le', '16-1-18', '17:19:39'),
(6, 'doctor1', 'sagar test', 'sagar jkvjszbJKbjkvbakbklacbjkavcbdlbclkbjk', '24-01-18', '07:08:54'),
(12, 'doctor1', 'Hie this is a final test', 'And i hope it works', '24-01-18', '07:33:39'),
(23, 'doctor', 'hey', 'jfbajkbe', '22-02-18', '12:11:17'),
(24, 'doctor1', 'Dengue symptoms', 'Be precautious', '04-03-18', '09:41:46');

-- --------------------------------------------------------

--
-- Table structure for table `newsfeed_patient`
--

CREATE TABLE `newsfeed_patient` (
  `id` int(11) NOT NULL,
  `name` varchar(50) NOT NULL,
  `msg` varchar(500) NOT NULL,
  `date` varchar(10) NOT NULL,
  `time` time NOT NULL
) ENGINE=InnoDB DEFAULT CHARSET=latin1;

--
-- Dumping data for table `newsfeed_patient`
--

INSERT INTO `newsfeed_patient` (`id`, `name`, `msg`, `date`, `time`) VALUES
(1, 'patient1', 'I am having viral fever!', '23-01-18', '11:16:41'),
(2, 'patient2', 'I am having severe cold and I am allergic to xyz', '24-01-18', '17:15:30'),
(12, 'patient1', 'I am having a very bad headache.', '21-02-18', '12:28:41'),
(13, 'patient2', 'I can\'t breathe properly', '21-02-18', '12:29:07'),
(16, 'patient2', 'I am not feeling well', '21-02-18', '02:27:40'),
(24, 'patient', 'I have some issues.\r\nPlease help', '22-02-18', '02:20:17'),
(25, 'patient1', 'I am having fever', '04-03-18', '09:39:46'),
(26, 'patient', 'I am not feeling well', '13-03-18', '08:19:43'),
(27, 'patient', 'I am suffering from maleria', '18-03-18', '08:28:21');

-- --------------------------------------------------------

--
-- Table structure for table `patient`
--

CREATE TABLE `patient` (
  `id` int(11) NOT NULL,
  `name` varchar(50) NOT NULL,
  `email` varchar(50) NOT NULL,
  `phnum` int(10) NOT NULL,
  `dob` date NOT NULL,
  `pwd` varchar(50) NOT NULL
) ENGINE=InnoDB DEFAULT CHARSET=latin1;

-- --------------------------------------------------------

--
-- Table structure for table `pharmacist`
--

CREATE TABLE `pharmacist` (
  `id` int(11) NOT NULL,
  `name` varchar(50) NOT NULL,
  `email` varchar(50) NOT NULL,
  `u_reg_num` int(11) NOT NULL,
  `phnum` int(10) NOT NULL,
  `store_num` int(10) NOT NULL,
  `dob` date NOT NULL,
  `qualification` varchar(50) NOT NULL,
  `pwd` varchar(50) NOT NULL,
  `store_address` varchar(100) NOT NULL
) ENGINE=InnoDB DEFAULT CHARSET=latin1;

-- --------------------------------------------------------

--
-- Table structure for table `report`
--

CREATE TABLE `report` (
  `id` int(11) NOT NULL,
  `img` blob NOT NULL,
  `name` text NOT NULL,
  `patient_id` int(11) NOT NULL
) ENGINE=InnoDB DEFAULT CHARSET=latin1;

--
-- Dumping data for table `report`
--

INSERT INTO `report` (`id`, `img`, `name`, `patient_id`) VALUES
(16, 0xffd8ffe000104a46494600010100000100010000ffdb0043000201010101010201010102020202020403020202020504040304060506060605060606070908060709070606080b08090a0a0a0a0a06080b0c0b0a0c090a0a0affdb004301020202020202050303050a0706070a0a0a0a0a0a0a0a0a0a0a0a0a0a0a0a0a0a0a0a0a0a0a0a0a0a0a0a0a0a0a0a0a0a0a0a0a0a0a0a0a0a0a0a0a0a0a0a0a0affc20011080387027e03012200021101031101ffc4001d000100020301010101000000000000000000060704050803020109ffc4001b01010003010101010000000000000000000002030401050607ffda000c03010002100310000001efe00000000000000000000000000000000000000000000000000000000000000000000000000000000000000000000000000000000000000000000000000000f83ef5951c4393bdb7fc416ed3bfa2d5bd917f9a00accb31536d0b155866161ab5979bb5059e5dca827848d42490b5d5c6cc9a2b4c72d369bf4dc285da972aa9f52d157762073bd8a58683e8cb51476497420d80590ae3d8b0501f12c45256f99ca165e59682e84b6156ee09d345bd0000000000000000054d6cf358a52d6f6f13f4ca7f7963f964fa1cdbdb9eefafa1fc76582dc8a3ef01ce909ec11cdba2eaf1c6fd0d610e6fdc5f0393f33a922653bb2bf0710f435b0387b73d911f39bfa5f592c39bb3ba0c72dfa7500e60bfa42390ed3ba472558f770e7b817608e6a887620e21b07a74730fe74f8a973acc1cdd1feb11c8b665dc38ff00dbae87e7e800000000000000000e71e8e891cd5f3398a7d97c7617c604e7dcf0e2dd1d58df3f9c7e8d9828bc0000000000000000000000000000000000000000000000000000021f5adf439627975a51d46dc8c800000000000000000000000000000000000000000000000000000000000000000000000000000000000000000000000000000000000000000000000000000000000000000000000000000000000000000000000000000000145dd9fcf4cfec772cbb93215cef74381b78ef6eb81b7f2abb69c25871b3be749c7ba377a32ede38adabd5fd10a9bee1d6e1d549f9f24d9bdbea596f10fee8f1fb75c6fe5d875757dccd76c355e34349e27d84965b4940237779b8f2052cff00d0070afcf5dcfcf9008e9dd2e21984a8eaea4f98e594fa3d8f5dccf93adf3ec7cff5a82bdbdb6e2e8f4e8ef270eeb392ef5a739d37bcb3a9a57c3587662e8fb8b82beeadbde4e27d3d98fb9b9cafba07acae90e4dabead9fd0271bd673cfd6570f10f4acabb285fe50000000000005595575429f4790631d7b51d1ea6b2a5ef15b8b83fb3644b31719e5f607ed5b7863e3ba928710e87bed1b698d27412cc7c43bdec257b78cf1fb55dab913cfafbf7bce12b7fa37f39d82f2f76dbb5f1ee3f657ef2ce37ae3fa1e7789779d7ced7c75a6eddfc38ab3fb1bf7967026c7bb3f3938fd05d3cb70714faf687ed7b78fe2ddd3f88f05493b4bf3b0e2ef1ed6fde5bc2fb4ed4fced3c5df9da6e4ebbe7aba76dcb6cba3af15de673e515df0af6710e8fbe8ef20def63a79c2cc6000000000000ae2c71c7125e92d81cc514ec81c556a7408e0fb7ba4870de4f6d8a06beebf1c6d67df439333fa9071f7d75f8e64dfdf9af39875dd7e38e3f7b1871fea3b5c7296afb0470c5fb750fe785add7238dfcbb344679bbacfd0e68877640e44c3ec7c3390f77d5a391e677aec0e1ab07a90722403be873fc4baa7d0e39d9f59e19cb973d90000000000000000000000000000000000000000000000000000000000000000000000000000000000000000000000000317e60d5ee1fa8bff00df993755ece80f2e5dbae7966ee6bdec355fce5cea3d1e406af08001abda7157d053daae39907a70ea6c6e5d98e695d193ced00d71ed171fdcd8656d0f98bc0000000000000000000000000000000000000000000000000000000000000000000000000000000000015f583a12958f5afa523de56c47c816da77f2590000000002bb8e5ad1ec1f5502de4a3de374921535d3fa3f1f404c371ad2af9d6fe4e54f6b36448400343bef1e4b9f2e5d24f6adf53e8ac6fc8db321a3c9000a934169c508d45a75252b6c9b0048641f3f400000000000000000008393873e4f0b1d0886974abbd596c2b8d8137523b62d854920276000ac334b09cd38e74f39676a748abd89177aa7da961aa6fa2d7422245c8abf6a4ede3ec08c727275356fc6df6567f9c9d9a2cc800057d88598ae714b41536f89daa0c82d743a6200000000000000000834e45675674f8a0621d5a2838ef4f0e69b06d5151e82fb1cc5645aa0002a6dbd84396349d8439177fd362bdaff00a08737ec3a0073d675ee297d17428a17c3a04008a4adc9d036d4910d352fc5bae742dc40015ac52f51cbf2fbc473d486e41cebb3bdc52975800000000000000000f2f5a949f6cb92f04eccc1e47d41db1ebc65d9a00000000063f9d0b10fafcfd52e5496f5d14565f1fa2cdf3e26989d4595c016b9d50e44b9cb500031f22be8db29dbf1c751d5bb64afa0c7468bfcc00039f60a75c78f20609daee35c83b091d91000000000000000000000000000000000000006360edc00000000000000035fb01aed8800000000000000000000029cb8f08e638ef59e19cffe37bfc1cf935b7bc8a83a2b4fb800000000a4b5b757879df654bc8accfa47695f58387e8fc7f28cf2d28f9ce963dbfb939d2de96e499e0010a9aebe36f2ef4678cb2add40f9df1ade4b78347940014845ba123a5391ebd37e73e7bf41fe9f1220000000000000000000107270aa700b9505d296a23f200000000000ae6067412be8397c9a237aac730b094cc80b195a4dcda0001abe7768a46e88dfecadbe393b30599000085e1160ab9d2170ab6c92c06af6800000000000000000022f281ce1a8ea6147c6fa5043e6000000000010fa87a3854311e8c087cc0733ecba1872ed81710a3a6360000068f78e4b9f6de9221aab6c2b58e05990002b081f458e68dbf400e7d7410c0cf00000000000000000006b36759922da73169cebbd8722661d5ee5dea200000000022f9b58c5beb33dd9f5434aec5e4565f1fa2cdc5e23949d4fb6e0cb2cea87225ce5a8001acd9c66366b66dca3d1957a1f3fb5c6a393e831a3c800039f6b53b0b0f90b20ecb71ae41d848ec8800000000000000000000000000000000000003f3e7ec0000000000000003e7e87cfd00000000000000000000002a8b5f08e5ac7e92f839caeb96fb9b9000000000072dd67dbd1c2bea47aff00ec9157d60e19ca33cb4b44738d8f6fee4e74b7a5b92678004425ee4f8c7a93de474fa3cf7877bb966e468f1c002908b742478a6e3d7b6f4e7cf7e83fd3e24400000000000000000002044f54e6bcbcc00000000000103d1e6f6ad8549b6e4ac522dabc394a8dde96ab9e2505bea52c824600068392dfb9d2f586adb2a0f9e4ae116e10002b7d496f2a48d1d00a5728b81a4dd80000000000000000008cc98551abbac00000000000069a2b61a9f42bfce99396237245fe5d17f97a8e7e9c5922afdfcc4000349bb7254ed9db446e80e358ee482cca00104855e039ee49700a7bf2e21e1ee0000000000000000000d66ceb32452ae5dae0ee970be59dbad1ef000000002bd2c22a1d76ab584abeeb89813fc99cf381d1f8bc47293a9f6dc19659d50e44b9cb5000359b38cc6cc09a724747d5e87dfc57987c95f03479200073ed6a76161f21641d96e35c83b091d91000000000000000000003f3f47e7e800000000046f43610af5610af5610af64bbd0fcfd0000000000000000fcfd1f9fa0000000000000000000000a26f61fcf19ef6847ce399ff496cce20c8ed6fd394bac000000000a274fd19f5e7fd7733492f3725f55959af47e3f89a73d25a3388edeea5fb3912e7b500002bbb111b788fada47f756ee77d2f517cf27f434792001cfb0beb6d41cb11debf901c6d91d8423b2200000000000000000001a037ee7ccc2f7541ae2f053dbd2c400000001526e4b09cc5a83ad1c79bf3a915ec1cbe946ef4b55cf1282df52964123000341c96fdce57e434ec5596bf9db745b8c000adf525bca9234740295ca2e06937600000000000000000022b2a14f62dd62af8ede42adf9b500000000158e658439e23fd4e398f67d122bd8bdd428bfdbcc73f4e2c9157efe6200011993393ab67bb546c8261d8e482798002090cbb873ec8ae014f7e5c43c3dc00000000000000000011b92400cac9a3b10e96f2aba005df26e5ee922420000000020be5a7827d8e7b4f2ab092717061e657df1fa245e5cb9212eddcf27d8e5d5b7e6bb40b3000349bb88c6dd1d8fccf7a55bfc3160ee59780d1e38006a3e2aead8e92d3f3eed4e89f4e6df43a7b2b4db9000000000000000000000000000000000000000000000000000000000000000000000000000000150dbc38fb5fd9df8715e4f65fa1c81d7ff001f600000000055508e8c61fa8e66925e6868faacacd7a3f1fc4d39e93d29c416f752fd9c8973da800011097b93e16ec391fdd3e8f32627523967d0d1e380073ec2fadb5272bc77b077c71b6476108ec88000000000000000000056a594e73fb3a255b59200000000060e140779f3d6c8947c0a0ead7234a26e91d8c32b89f3a11cd130f7abb9dc9d3a2f773b5ac4cc000d0f25be731df15ec922a4d273b7b0bb0000152680be944458ea073ae49d028fc8000000000000000000069b722b9f1b30456540000000001587cda2f2674c453a495779d32ba05d55d876eaee55facb8dea42a793cc443365210000f1f61009dfa236c393172413a00023113b4c53126b0457cb047cfd000000000000000000000000d26eeb832f6f5fc28bb775caf233a0f2e8cb5047e849a1716f797ae42cea86dee4f2d7c9aeb745f6054b6d5446edb71a86dc6a3df6111273efca5332eef1ab72093eaabecd2619b5ce2176ef6879b939f1aeebd2f6dcf3dd945c000000000000000000000000000000063f59063192f0fd3d9abda7783e63dfa34d2e6e5f9fb1e8c7eb218ffae7beb764e7750db8d436e3519d920000000000000000000000000000000000000000056566e93546b288dc187ee555b66599a892acf1bb7264a670ba031a1dde726f557ee19509f16feff5c79f6cf99ebf3f690c5e838dec8d58b431e6b255c4c7e76ddb34d870ec9453d00000000000000000000000000000000000000001029ec2764609e328857d0d3b1d460ed757269069d6870ca611e93e831ca3f8127c4f42114f6c992dfcd7e36748b24be3555b4beee64e26745ece496515a74a79d3e7ef0e8851d0f12d00000000000000000000000000000000000000001a0dfa7c81ef240bb911f9980d447672e22f87347512f2990aef7b274906dd6fd1437ce6cea3da0b004664c53d0afa00000000000000000000000000000000005138fe79e6b7db5d947be56444cb87e345b0cfebe6eca07b6cded49505934a9d6fafa462af42c6d468fda79777e3f5a17249ba8067761bc8ae6fc434cbf0633a6ec2432280ec2374932ea6b7e79b1b3eb3917792cd5ebab38db6d7ac3fd5c96f945b632864faeba355e9b5203378adb876bf51bc3ab6ce75b8df566690c2f7d1c8db398be4e0761f92b87ee393c290c735fcb25de714d876124fa897e761b59145743c9dc19d8b95e87c704ab00000000000001099b46e9f42a8decb3db17d3d4df16a66434c723369e82dc18315b0dc957ff560fd72da5a7fbbdbf27486dac8fa868d3682c6d65de6c5fd267aae4f5f2e8eefedc35966ceb169f421f36c691dd82ac91e6fa57ab034f3ed6cf3c1643b1db46d886a6c5d3bb1ed3d8de31b63befbcca9e689fd49763d8d7ff9b0ccab7ebf5164eaa7960737f2d9bb1189dd7a08db0ff098fec6fd364646da796bcd96f7de1aa1d932df7ed79327d0efb7fca0598c000000000000001525b6a7d0a2b47d22cbef517f579254f386fecdf9a7d2a832acff004779d36b7363d1ead732293e7dde554324946472ca875b7c69ebddad8f59d817f93516f2cdfb86aa2312f6dbd7aaa3855ef188df60d0179ebb57855661f4144e9f4a07e56067b915d2d93976e1af73e55f3d853bf373e3d1e9d39b2b6bc3b1a32656bebfb5d653ed96b2dc54e4926f9f9fd6ab7f2cecc955464b2c8f8722ba0b4e57a3c9e6fc4e8fcc868a3e1fd4095148ddc6af082ff3000000000000000052b47a77539e6c8abd09f39ab7f5ecb4629aff00685dbdd356b21a3d89b68f1bca54e4e67ef8a320d145ac5957ebae8be1c6dcbc9c0f5ab7eefe3c367779daf94c42452a3e749e1835ecb421df5a4b31d83a9dad4bd84cbe3518947a92edbc3f71779b8fa8c1d8d1eae56c30b32dc389b7876aabdb66c56c2e7a967b9b6118d5cf37ac8a35fb5edcfdbc4e593cf878baf9c7611ab5290f646f752da6d1e4f41285cc2ee501614b3cf46cf9e0000000000000006837fcdb93dfbdf239d37b9bdcb6ff00682faaf5f4362c32257f9773fcf376f69f4afac7a5f5b2a7a4706a25b82d0da73dcda374ebf690fdaf65eb1fd557d2cd76fbc16272aaeef7ab20295fd9743ed636db7ed58c6e55741e152d138dbd15875178c6ebf21111de4f34fb1b9ea555ebb8bd79e6e8bbcff4905238d5ebbe3da9fd35992e7c6a56490d3697d529b995362c839dbca1a2f6d8d03845b79916ac637748e9bda9ebfcabc3339ef1e9f46ffd6d3f20ec2f16bf61ea7c2876200000000000004131f7fa0c3f51b5c286c921af71ed13dacb3fbe4c2b670d3b2f387c9a37ee64356cc2ef3b5db0d761d7a64b914fc8a37d8785a29468f222521d645e8f52c0f6d4ef3478f0a9757f9b9bda947ac65665f59040e410be755b48b4f66497ea23fa5868b0b2eac96763bad2c9e3d3cfb0f2c6d04345a750d8b1495526f98d6be374cbd63382e4c3cf5baaec77ded129146cf0db44f33966e91bd976bf89246b01296eb317564d3730391dde74b7ecd9f36000000000000001108e4a7f337b3a8ccd458cefb0d3e28000000000000000000000000000000000000000000000000000000146e3dede872f750f9fa000000000000000000000000000000002152ae742eec3d65725e7a980c50b5b731a88167cbe91bb800000000000000000038d720ec2702cccec7521033aadc41e6771b83ac33ab912a78e8e738fc9d20e1d939d76000000000000010227aa5730b795dc30bddcf1302d755b690057f5acee3862e971f786badaadb606ef23513d298e90e72e8d0000000000000000002299fbc1a0fade8896f760237edbe1a5d4cc07e47e4223db4cd1a5c0948000000000000018f90351959a30b572111ddd640c7c80030fef2469f2b3863e36c460e67d0c1ce00000000000000000000000000000000000000000000000000000000000355405e1c83e9797676e35fad8ca4fe7b1a9636cff002f26b0ee4bc2d0e62e9dcfe885178000000000000000000002212f861abfac8cb3036fa3cb3412c8deb49ae34574c585fba4f932f69e5152619f594e88f4a61daf25db48de31bbf6f186960e4c2b644af47931d24ff1158f16d7c46a424ac00000011ae43ebde13f4715ff00b7a17c69d374ce79a90ef5ad0f01f9b69b43a839a7a5aa9867b8000000000000000000000000000000000000000000000000003f30f35c9617ee639dc3660c2fdcc1e3ec7621de0000000000000000000000000000000000000000000000000000000000000000000000000000000000000000000000000000000000000000000000000007ffc400311000020301010001010607000203000300050603040702010016141517203040081011121350603670183180212637ffda0008010100010502ff00f24dd32246fce5d153bf6bdca96f8ff8befbe63e4dbc113971868d753ab4198c4172b8bb71525177f0a77f91c1badaf39abb8196f2007554865284763cf454cc3a9252c5e20e3dfd6601884340e197b4f6f6053d847ca98d5a5d4ef39e1b57bb8bf1a6a16ed3f595661f23d650a6333682a50b356d7506e16b5b4e6d4ecd660116cc813c259c5022ba76914073a37ca706698b83d63f11419c82feac8830c7ca3a9304fac1cd4d297af96d193830acf5f79783a4096827b4a52792f449ad68ca4d9783eb28678bc7aca14c658f504c5520434e471b66feac8830c4dad8e02e8348d1303c115d3b48a15740f032a57d252acadd9d8d37ec62f575b9522be9295656d798c4b48efdc69e6ffc35ee355441a1627b57ad7c5b642ca642edf0c7b95631d1c0bfcf50508dbde3ec6d19afca17addc6df578b799896bac1d938d0e7d117b34be7ac2d2e64cb8c8ccca2e920b79814698963520a53ad10d57b10b3150053a081172d76a4aa2ae54d22e113849780b555aa9da289694a120c1d100011db24ca9684c0f651a90d6cd57f84d7cef6f828b74a6b8d656e0258bf8c3a0acb112bddb8dea75892356ca3cb96d9ece6c1dbb603b9e95154156ac2c6f2a7295a57422e5aed49bc89cb0d78e8db7d9d145ba535c5a13720d07211d7286548ed92654b476abe4f62f2c582d9e6881ca5f7392bdd902df57b05f3bf3cf39f3f71a441609b3f793cbc8d9f1fb35fa931db315deb239f929d6357fbb8aa0ed83e3f5614d15136fe55d5b1eb15afa68a28cff00ed358193fa6ee4cd21a7e8918efe7a44c7bd744cb73ef1f5910ac8b62edd1dff0012e2bfd1e1824889b23989608a9f72d98e18c227d68ab4bd927037429571d4ff00e29853471dee64e6e17c0acfcd8ebf4508f909c3041c0aa7ff00b79ab4c63a6d08ccdd372c7e83215ec12ee7fa3323231ff2d05f4e2b19a9b3b6da98d6b97fd1a8ac361ad4ff009b518ed795f377c616b2ec4c03958358d69e259e7d86c7aa59b38156fa5f92793d861caf68bfa0b0ff003d174962543a0c8f45c23b695282283f663d47a63d7180534fe5d574cb59f58476199ad47e77ad57b2f1fceed8fb253a3b0bd931fe6b2ef5acff003d375a850e1f3dfebe7ecaddaaf46ab01a97cae1a1237c0d66bea907ac27b94b5eeac12104e6b57075fcfd99706906d92f08b36cdf80941eaea6485b8227680df4dd52146cfdea472030449ae6b1ff009cd1b3fd7987aa7e83e9b2e4297cc8d39e5e676525a0195d74259dd9335c81b1f93ff48deb6befaf6b2228aa33ad990c85c23f43ebfa679756124016ef93eacb29e9d9e7f602347c4625642b126b211548b900c0c366dded487e760ba909df326ef30c495ff869df3ef02ee29991d460741d429175bb76d658cf31106ceeab71c16a56a97f80a49c5892f5a2850dd0be59889af244ad5e9faa326b61cd0f331c84508faac65daef31085f11f732e68e9aa4ae5408e57139f1cb966b92b0e6cbe06e6c310720cd0ce149e5400eae2c7ecb649aff886b6acece1f156fb10c763c305012cda944164056ae5ead82c14fc42dbc070d2b0a4b56d859b444c2a20aa865779b58c98c6e1b07015919e2bc2afdf2b8a476a319aef37e06ca9099e6222b2c6b75e64335ca77025b5f2eb428984838ae8449e6e96a0dd4ab643f795a6dd1556c36ae5a8ca41e5b4a371ad7d8cdf4af454d87d0bc249b27cb3aa940776f8e2fee8210619fad53948e34c5dccd02659939e39114c410e4cfb50ed512a504d55534a4bbf40c783995c6d9e5c2011908d033d6807134badf427303d288fb018b633a1e62409c53354eb1855759159356984e1462a4c4b46bd81908326a9420268c9c0069673f9b3477bc954d56fb364e6c1949efd1cd5f43a9830a76295dd348aff00396186236adfb4735c8dc1516f15b942ff00f2febe7cff00ebe7f779fd3df7ce7e7bef9e7cfebe7f5f7ae7cf9fdfc7cfefe7e79d73efe7febf3fbb9f9fd7cf3e7f779efcfeef3e7f5f3e7bef9e7cf7df3cf9fd7cfebefbe79f3fbb9f3e7f7f1f3fbf8f9e75cfbfcbfaf9fd7f2ff5f3f9ff00773fd7faf9fd7faf9f3cebcf7e79ef9efcfebe7cd3b3195ec821204aab3feef5998ff8875c968b9a22467f4f1e4a59363a602068dbbde9720d1c30f2de183f8b0d5a32304395912d0c43d66e551cc8ac525b3a820d4648852a561bb12b26d19dff002150856326c94be955d935791d09364a7b66b86489fdc69f7b0fd543dd970c6813ea2d50bdcdaeb4e585ee5f64a733b5a0401aedc2595d93dc496c6165af1da01a7580d2fdce3a12a4c1c59de966eb822945a7a61e8ea186358bb9238b1ba726e7c785b9f37bdfac7555e8c83b2e10d7adbfdb63ddfa183e6d0c455aaebad4e6a168dbbdea10cc763f87622e1a70305aa2c3d12a34b2820ee62e07a31bd0dacfbe69cbf9abe035f46ba8eb96f445a69b9a438b76bfcb130b03f2eb05570d7638330f1aa503fbaba28613eff655850ca56ff5bc8a2f25fc910fa305cfe57450c27dfe59228a5fe738fa36acff00ed2b97698f82910a04a19ed56ab1f9ef9ef9d75cf3e496ab433416ab59f9159af3f7fa3c9b0ddc5fcf9b753bb3c9911dc166dd4a5c7fb8d487de26a27168f2b43f64689ab4533e7ada4c4b8ca11f69dbec29fa8e0040433b0063e22de9b2dbfd0ac98e62e42d7b54ff0013105d0ea593323e0f0794c4cd39eaeae7e9be88fafccd3307b56f4764bdb0763bff0061e9c45ac5aa236a57ba29477d253da23adb35ab10ff001154a7eebee854707f77aa9d16fd47db6c63e2a8dcc9e1f20fa7e81444643c46ff00c7d6fe9242cbfc4578322a3a49a2be357f1044f8bfe6cc425ae2379b0584a7b9d374fcccf6cb500069dddf854bad4044f1a79b6c0718d796cb2d3f9b45d3eca25c8b6febec75f5eb976a7e37301d96e6fbd7016aef11704150d4ec6b5fba645a0ada2bf06d07da85f0849b2185e6e9e1f88f0fcce19ac65499623b593a3dcb1fa96c550bd6eea0ab1021ca4ad725c0290258fe46808961ae77254f2e310724aa9b761c473586e4282a705e0b9f282f74aeaa012c27e5b15e2b75c8e629656af1c731f2c484aed77aba02ad43df98da6adb1cccb9500302957165d08ba272e490b6b8cb5123a44b2c42314b8e398f9ffaad09c7a4459e37da5488f7ae66fc7c97474980f13de102013deaf9f4617bda10e2316b5bcea951676e981101faab074ce4b6845a4baddb3a52b40aee56180ffe464af74c3e7e1ffc7d234924a4266a4adb69906516242b5c3adafc3ff959bfe8519574ff00bb78a9ab67f788c3b9e5163e4fb86595a42da02d05f84371471d7ed6cf98d3b91e988b2d2af3c76a0fe4decf594025dd7a3a83ebcf15a81f348ae8d3d5d2eb5a65fccdeef6c0148f520140079ad677ef75767cc6eda8773ca2c7c39a22cad5bef6b49acc73ee1965693b7f4f8fdfdc688930e82b32e5cbb5aec3fc3b5ba428ce445a77257c2582f05338c92bf05bfe1dec4d58ae0576e08710c6befa62ca2b325ab5901b2a39d3f87d2cec5928318a4eff009198f865bd27f15f36f9a5fe1d3ddf906a4d727646e737ce67979113aefe2be6df280611a8d1f706be40e13c58a16779b06f25091627e4705fcac9caaa0b08f43530188f80e2b78355bab1fcdc96bd6b0bde29739a57548091e742cce776bc372f986b0fe6764520c2515f14896a3b1fc3c942139ac67c2f766c1bc94238e604d9abc181fb12dc589f91c1d63552435ff5134d0d6869332d928fabb4f8b7f2226367ab04f0da87f56cdbab4a1f4850f2efde143edb50850bfe7f39658e08ed5da7423fd0b36ab5283b61011c1e7be7be5d321c6f7c990fddafd0ea58e3ea7bb4eb4bfbdda8412348a4018f7173ee1d664103a27f36ca6a37ff0002c5f8a94cc7eaef609c0f098e26603a3125f3f75ab181562b15f9abc6c532e16e3655da48a4481e2c6b8d3d98fc02f44b532709d6480cc9aeb61a09f974fa5010512638d4abb6fd6bff001e94bb5d9bba42a51fac7e6d86a3b5d27765d241895e36d4556c1887c68b5661d6c9abd8ef5d57ed446910eb1fecee53a646a885f02bf17ed4989166e98b1228254ffaede0994139d0460d3556e47ade82c43056d4d1cb38ddb5eac84bdb49de2a306ba729de4dd4dd8ab5fe9e98c068799aad64fa6122d47eb19ce0b14b247e694d259440dedf1dd76b0a7c6c3161ab6e7422423d4df2d78bbb2680744e72f1d6814bf2e816a2a4ac58bbbd35eb4c51d18b737428bc36b1f2bee97f9b53d0da942ff9b23757a75f5a60b2338d3b4166bf6b6f75997bf1c99825952bc60a2c7eeaf8e1e56038bc099a8fd1ea7fdd4f3a401d6a0cdb3dab42ba5a854a83d15284d68578057b1fa64c18635f2c2cae5cb9c81091921810305f3e5d1f40946552568a5045cad690bd8b3c4182df0bc0239e8af0017d0c16302d1fca4c50b3553b4348ee1f9768d2255b85a5d8ccfe6ba10313ed8d097d883a9e5ca4a6086a52707f9e29aaf30d85457b707fd5e84ed5b3f5a19aa8de42366e488b6128bf06b27a5db72d83d5b6802dc3ff0054668f44a1aef7ea12066b7de00c716f412e7f2626506a63a8ecb9911ee969aa464630ee8881a3935acf22135361cdafd5a068594b5f94c96aa085fbb4d7e82d79e2b503c6890a711a5a3477de7f334e869a932c1aa67d64571aa25d8a64f6d4ca51dfd7b3719484ea79f9cba14c8d6115fba6f06458420dc2c908bbff00c71bd50293c909f6784ff0f5e8d02a2a9f4afbfaa2d53eed72b3835de459dce4fde9eb601c0ee3e3aa9fd6039c706f4a84cfd2ddec1feff8772770fd4c9feca756b14a612b66a8dee7eb5f94f80a4c9423c3ac510d7548091e5f520a38710e757f966fccef9c7d6575a325255a927e5ce761795f1098014870aff0853d84fdf35458ea81c6ff00d518302d7c62bbaabb9c509b1760c48529444ff5d85d1594fb998c1d731f592bfdfebedcb4d5f92e5cac3ea18362c056fd02e64600a16b4946a7439eb9ef961715a54f63705898e7e84f72b5696f9b162edfef7585b2ccea6fc1b417e923ce34dfba0d670e6503904e7d6e951f2d605773fd5d545b2169efa568031ec8a0b81531972db2d12bf3575b26d6b8c595392d07c9ebc470c5cc9b4b32c9064c726993b1a6788664c1dae884fcaddf6df02f490ef5172e8f63b3c6a8058495c14a2df5db3f36c39e9a7526c0987539751849f3c98b59235da92ce46f2515ec65da1aff006a20225558ff00691c71c5cfed7ae79ef9e79e78e7febb61284842c95fe211842d0e9d9ce132577f710143366e616887f59a9b9e56e43ef0e421b9f1925277c5692f45c67cd29a4b2881bdbe3baed614f8d862c356dce844847a9be5af17764d00e89ce5e3ad0297e57935640ae547a6324a72b2494aaeb8cc7c61e0ed66efb87e6d4f436a50bfe6c8dd5e9d7d6982c8ce34ed059afdadbdd665efc726609654af1828b1fbabc387948b8484d8c80f4449135ba5456ee206bc056697eb76184492fe1c67df612498a2620994556c90f9747d025194495a2941232c5743ee2cf1060b7c2f008e7a2bc005f43058c0b47f3595053b907c2eba00ff00cf1780f863f35d08189f6c284bac225572e5053083529383fcf14d57986c2a2bdb83feaf456bba9c122db562cf3d7f1048bfe3fd83b1b65015c66856af36dcd1edd12a9ade50edcf8dedc35284c5fc4123fca5a9513551b37f141ec7bb42dfd807ef09c486816814c963f2b2dd2e3c473b29fb40f9382bcafa26972a817a5a413b8d1f99e34f0485661da94a51d535b1452bdadda8d8f6f6ee9d4c58ddb53c8915b3d55a007ee9ad547b80e93240fc0cab83a7530bfb02412a94bb7b391d749fb9d0790b2ba5d15793e33abd06ca6d186af980f9ee6ac42cac1fc3a28c24abe5c02a965ec916173c4448139eae7e53e1bd3a366c5804b4e70a1ed78df9f0e709e96640c7b0fe669cf83375a69c8a09c6ab62d37d2ebf8baf2fde8b14558859ac4548f51ad5a0a75bfea8c1816be315dd55dce2fd7622ad7d35fd8356f8c255e1507f0d6cd232fd50d1f51adb2b5b87cfb06adf128b9e232fcb972b0fa860d8b015bf40b99180284da323d7a3f185c56953de5d55bb3ffa13dcad5a5be6c58bb7fbdd616cb33a9b48a767228514da38991d49d2d34c79669fd545b094d7027e9dafff00d5be6eb9fbb3b0f3c29ffa7b299cbb973791abb48f31f1896c9b5f2c595392d07c9ebc470c5cc9b4b32c9064c726993b1a6788664c1dae884fcaddf6df02f280f7482cc1cef9575402c24ae0f5e6eaba07e6d873d34ea4d8130ea72ea3093e79316b246bb5259c8de4a2bd8cbb435fed44044aab1fbcfe9f3fa7eb1d4f586793f0a339f9f8519cfcfc28ce7e7e14673f3f0a339f9f8519cfc00b2055ebfcf3cf3cfdbfff005ff5ff00c45d2f4966e25e0df0d223646db7545ebda89258fc507aeb5015a7b2b18762dd9a698585db4a18ddfa7afcf5e1b721c57aeff7885ee9a727b314c43e6ae74e805c23aaeacb9594dd8b35d866d51ad9cdc0e9a25d9939f35663199338137f09f9754ba0872597b142057b448dd78bf880be7a208308c93e9bf9b616c72044e6d31f858c19a69c24bc2dc5b9ec8d9d4748beaf6357d0157b51e4ef2b1fbbf7cf3af0f2c8b63ae0818b5a11fe3e3fbf88a38be73c71cfbfa9ef3cf5fcbfb79feef39e79fe6487d62d416d340aafbcf1c71fa5d71c77fcff00b79feefce70250611cbcae155e8f9e79cf9ff5ad2c151516d6b6e97ee183f88647b15c0ed6a8749fe3f25f95e2d68792912b4b04f377f4999780b2e97f84b96fcd64766f9f888e244e9cc8dbcf859ece04a53491fc25cb7e0732b597c517f1048ff296a544d546cdfc507b1eed0b7f601fbc27121a05a053258fcacb70d5215676539c0c94a8eabce98fb61245c1a21499b7f33c69e090acc3b5294a3aa6b628a57b5bb51b1ededdd3a98b1bb6a79122b67aab400fdd39280b790a330e4706d10e10a3071064ab10dea9832e43dcd91adcf3e7b9305ce6cfe9324a484bd7d7973e3e8757d1eb595019295e96044ac08d46ba2cdf5e5cf81d5beb2f8cf86af98108199b0092f07f0e8a3092af9700aa597b24585cf111204e7ab9f95bd5eab901bf9872445ca0c358e1d338537c829e64128317e669cf83375a67c86bd81eaf8acbcacafe2ebcbf7a2c51562166b11523d46b56829d6ffaa6a681a9e2bf1015f861a8ecb93d12860403ad29f05058934259ac08314ac7047ea36e8405367afa4ad5b60934a5789814df40b977f2f10a0320a8d4ae43bf5b973b1877465003c76d6ad1d1e1ad5e5e22b75679bf2b09ea6b42886a4be2aaf1df12f0c4e62d6ed45a12f4ec7f989b0010bd70c6bd2d5faad7bdf086909c3fcb4d2b1463aac8bb7a7a776991adfbad3552fb9a7f18fb4b1be778db7d1ef4f44636a1abf8e380190861ee1f675215600aafea692b8eacfdcb993d40e7772a63285b3a49640247e692a165d81b7608579079700365cecffc3ebc943d5719b9c1551c167143f2b5038a2bdf95dc3583c03cc89ca98ab2b3e588351cd4a3794179db25066fcda766375ec833654497032520b69a5059c4186b11f3043922e12c299238d782535a03ff00aeb7196fc28154d03a4cf43697cf7913a1b5b1591ee0efe5642d7dfda1cbf57480e38bcb3935215a0de217ba69c9ecc5310f9ab9d3a01708eabab2e5653762cd7619b546b673703a6897664e7cd598c664ce04dfc27e57998c44b9d928ba41b448dd78b71216e99e0c4669f47fcdb0b63902273698fc2c60cd34e125e16e2dcf646cea3a45f57b1abe80abda8f277958fddf11f1173fe28bfaff008e3f79f9fe3e3fbff5ff00b79feef39e79fe6447d52b41793c02bf7cf1c71fa5d71c77fcbae79ebe7f6f3fddf9cd05a0c14002c0458a5e79e73e7faeb84c68ff009f52ae7cfa9573e7d4ab9f3ea55cf9f52ae7cfa9573e54bd4afc7fedf57632aaca45b5a6105a90efe2106929335d0e3d0a8feab20c1a574dfa3543e68f42bae75d968a96a059822146f2ff00213057e8d50f959961cf2bcbfc4578322a3a49a2be357f1044f8bfe6cc425ae2379b0584a7b9d374fcccf6cb5000c7a6b8545cbad60c571ab1c6f5c1839f192eb5fe6d174fb289722dbfafb1d7d7ae5da9f8dcc0765b9bef5c05abbc45c1054353b1ad7ee9817c3b4870b942301b5d64083dc4b098be9fcfeab4d760a8e5f5237fc3139a3d1105284a15e16b8e0faa879d2fdfa91bfe2caa487393d92a797199ee4b0a75b8711cd61b90a0a9c1782e7ca0bdd2baa804b09f96c578add725982595a91c71c31b321ac37cd0a12ad760fcc6d356d8e667ca811810a78b2f845b13972485b5c65a891d225962118a5c71cc7cff00d81a3d4417c31a2af01b72b700ab184785a3a07efa0ff798c3814df972ed31f5ccb9ae841d73584ba7e7af0b5f6a1c5c497e7e19d9d6c11a9b655480993d656441dfe752bb432b1fd1ed3f3e8f69f9f47b4fcfa3da7e7d1ed3f33fbc52d8a81b15ad4159897ee5c99ac3552c55cd7c5aa55d752adf31edcafe568f7059f20a7b4275f20134959606654651ee2babedc2d907507a55bd4ca6989c26110da18d91ff0052ea3eefac5a4e656dd8fe9d9239b9b7cd89e895c07b8c9deb40c6f376444bcecb7c37a879fc3cb94f014c80e10b04f04669e64a43ed459fe38e1cd6c0e5632c7aec130e72ec5745fe6bacab81da3ebb48f9f5da47cfaed23e7d7691f3ebb48f889df065644602e5d57178c951ba43c65061ad9bbcb4b70836bf87cb960f3266da5e815af60f7ead60d86b6866a4cc5dc94cce4abda1a7015053d1d6faf3f87d35301b3839f92e2c8531c3c7fbb9c388b52fd3e07e7d3e07e7d3e07e7d3e07e7d3e07e55a7528c5fede5b55a093e7772a47dfb66b736279e0ab08f3618b7bfcbaeb9e3cf91312fcfe79ef9d79fca7b55aaf91daad2cdcd9addd8ff007fa05323649e7b5db6a141eae4a6ee2f5ea41633ea329997abae4bd3f64d92b7162e3cfdc6403ba1659b5c7928ff00b989fdd16e370125ae71a958075e0d08dc66059465cd2ef0d1c2fc123ac1c1324f16a92adc7d8dbffde943d4845ce1f41f77e8e921084f59e835b868e9c36f0800f438f92fbed62ff2c4c83d6ab0c7108407593a12971d1a13cd9bef8bc300ce6c3559e4361618cb35840d6e33b4a46031a2840d7a6d2d6a0f65d384796efe954075880d8a9c348c4bf0c255b4188b5fee5d93bc6fb14b29b34acd7437be780191f80a50796318c5a5740f55990c656c93d1675d2f7b826b4ec5f9a994dee280acc194719b791b3fa219f223c6afb8e636cacfd6667b83a50238577524a4e30c84725b3290219698eeb5dcaa73960ead305f4817929586a8ccad96859ff72dc6480a204c8339b6eb1a4327a0ee686e328430cee030420309930b83b55ef8f8c2db6c516b9a7f352e8bd4e7bd56b6a3c918e6d809532f5f57f2cf5476382f544d633268513d69bf95720decd6232ba198a4694dcdd9888517b709587fde302c056882ce6aa36e2b2aabf6ea4e88ab628534459a5d52062c7f9ee70a5efc604e5f67ee6cf94e725f43abf90534157a7d4595a443f29a7af51ee3ce55231e1964280a36f3f51bc309e78a25edc6aa061ee2cbd2ebcdf47aefd9ff00f40d3dc47ca4c96f14c3abb4eeb3ad1935be090b758b7b18b37ff1a7bbc7043c52b219d1ea9a6777340062d92275579ef48ecad14379b06c2a83f4dabf692ba92e51e3c725bfbc3bd3143a1671cbb1f46a68817ec1c684b5d911ac824cd047718dd851dd4a50a4bd6e5be4ac1a0a759a437530b7ec44f6a53d0eb4849e62656fa0b1dda7e4fa757eab5efef08d0058bd93424c86d72f60acfb41fd389c5ebea9794053c09baa9634807e5f11a5a996ac35a0219f02eb10dbf9de8cb3fddc682bb154b2fea356f51d1465ba16db06f0ab4754f2cd32ed15c3aecfa4f42be10d2ee0789759a631743e8b3982dc6809f2559f464bab5b8d0576d59a0fe9c4e2f5f54bca1f88d4bc4ea6e0b643e0d2348bd1fdab1e0b54ecec786076923ffc7aab38973c0693951971a86c3284fe1e6651911f382284bec99cd56b2f7b2f2b7b90b9ece28af19157844c291e7095733ba1100ef209fee98f2ee6337ce65cf838ca9142a3ad6677e7a5066646952119dca3c0a5e7b6554c98cbe8169bdccbff00ec14f22bf5fcf722b1370cc8f73fa54cc590c5324bbf78db2391ddba124cdea58614845e94bbe501bee101995cb4a59b298ac0cad9adea72708376aa32e671f70cc331c92876bab9e000e3b2f18194c6e636c6f56f21ff002fbf8711f9ef28967e83a89766346a995cd1d69128ddf056b38ba6a4259b963bcd6576019207cfca83295b2e263c5d2c97dab43accbfb8d4d94c560656cd6f5393f0ea5e1198900bf4b3469d71d4bf6da0b148b4b5f888c10a8d63ad23eedc7077f071ad398298dd28e990b5539d19099f257d94d362db6b6e81d526b686bec93a33cd9858d418ee5d52b0d47077d52f51af97666ca530273b10667f894545dca1ad437baf34025c32d5d32a5b68643f1add4975798bad7e245afbd09bf3148b8099a438247ea5df1f1e5fb94af8ccf1383b563591f191ef63ab1f6dee32ab93e746963e2f6bf5aaf13e9d379768e9b760153e91629433bb59b097ce8d2f85f526bbcb82aa6a95ad46475680788ef45b15ac47b30bf79f5e593cbeb8dd698acea8d0715aad6d5afd4396f53b16852ee8e52c5523a6fdd64469f63bc8c25f8a08ec96afcd0ab6b54ba30d58d6fde385661ed8aa7ee186bac75ed45c4c2838f24ae32d9279faa959244c5a9689e5a0ccd0759925f5c11425829c91405527c91445529c58149fc0ef51112a780d481ae49ea6269513e044e56ee88059956e1cf94a18204b5baf66748476397b199fd239e2b0b9963c4957e61f00a55c354f3b51a3c530c36871ee78a9efc3caca4cf76c2d86b72fd0cb5e59fa3d2662a5d5c11eee6560363ce94138a57fa69565b50a0aa4352aa1ac54af1015abe2a05b55b7e5d0416e5f892d6aa13ef3249b12585f0778a7082adc7c1e98931763535784142c0449cf9c6749f156268a97ed0e5152ac41750d0287352a25d80d6b390fe07208ea9e87b684a96ac46a0a376a42b216bd8fdc6b34eedaad4a03d76fc9c3851081e179ec20122cfc2184e1e097756675ef45f09b1ceee0ed397ac515d7bfb19aaed84a9451365b8b2d95a65938a0e767969f0859093c0c23c4cdeb5413aeda68fc34c7782626c37a89d2173ab4f5e3b0c20fded1a54dc2a704beaf0d0ca61ba7ad508706ab0b5e39d850b7347b26adc7a15315646338db02787bbe532d95a659000c2dc35b978c9c161c418bccbc7dc72f2ba90f7ba34cbc8e94865cbce761c05d369ed3854aefebd11aa7861244b257ee5140dfb9ba218d96e565a1afe7ab5dbaff007453446ec40497e98eb9770a45cb669673a234cc0bb4f9cdbb13bb4bdd79983d63e2dbd57e96617084efef5a19a8a98ce9c16b82f6581497ca577358b646b68c936fdb1a2aff00b4aee90a756b0f7758276cf682382598f454e92a3136c0196a27fef8f617953b1379a5a47bc587c51a947eb758eaf52d016e788bb52f81e8d322d5af16b4e49f3e30b38a53917747593e246310531483bd112bc8dd283d9a70680bb6ac7e21277948534d33267ad013f8e896849a1ee73a027774a7d0d6a3e6bbf285aaf5b4649b7641b50064f7c7f50f7a89ed4a6a15b431d696c5bbd3335a479450503468cbab54fdd0937c8ee6809c3ebf9a225f5076f0a71d9f9f7750fb7ffa16d0323204973db5219bea24a4621f9bd8a77696750d6886e4fd54a9e64d765b00f3090599634798f5e37967a48d9247fb5a5759ddab7f08e4a4258d653192f347998dea54a8e5728d2de65572195c10ea37de119d7832853c9a680235adccc5ccb94c538b5751e41d30c94786715f2aff000437b258485a288aca6aba7a47aa92d7ce65a1757b2bbdf70b167c4fcadde6d66c53e32cb928ebf9d7db6ea3a45b529e5c86f5b94a679dddb4193ef8b084737bf00ba79d7f8a990caae58a7e67d6a9d48f2ce231a4f26ead94932c9b8b83e1bd041fbd343adf1a004d1d883ac2bb4942142e696ca4477e2632cb6a5d18a7b6d3dfccb1996e3cc3499473d3141508ea253880e391eb679d06d9edbe3d04cf8c763466fba1199a8c873b4b5063986cba73096050ba9d1d1f5a733f92d9d1ce57b9a2bd9251e8868ec75e48de2fc085ebfb6f877c786621e4ee648e234efa7c0505f3c64c30c7a532ac0d91d592c5cf7493f7572de8cc03eda63b1c3e61d5f2d0c7db3a71d86b91d08ef4d43340276488cd41b495b12fe5462f05265ad551d79efe8dfaed8c7d58b5161eef0f7b3bfd96df4b0f9a4d4d8e4a0d84cbd174e34f3d18a32c26832ad7d4596fd711aa1a273d57d6bbbf2bec05ad7459e98082b597060fb3dcd5d845d551633258b7ede5bcafd17ac3172c4038288115224c50820ed394e5a44fb5d1fdd0a6a552dccaeb36485b5659bf0dc5e0242d5c06adc5c92a52b52fabe0bd270a729d6abcc4265bdca6a9715275352920b23566a72cd9e0466f9f492b71d5b0eb0c9ec8001cd5611a2e88e1c0d4c7c9e831d14219685045eb4b8bf7acc352a56efa020fbe23555eaf481a42d0115d8411df815455b3fb70f2af7a21aa43284f556d5837324eb62f91ebf9d94a7181071462c4061153eeb19e0f30b744b0dfa693f9b9695966f476d697487cee92554f3ba9525b302bab518c80a185a9ca8e9042f874f58808595d017684c2b3ef0af8aeb5e4fd871127579642dda2a496313fcfdbb30bb16ef94edda80a8ee3f7ade36ebd4826cdfd0a61da04367a8870f3d4a41855d7c222fb70610066f3e75f2c4eed2f752d34c5a2bb5f6c8dd2f71a5d4a59b569f83d6f8d2ead32558d145cd1c49029e53b4f3d067a096ff0f978738079b2d95a6590bc6ec56a5f16c5c4924ef5d3bc9d1f0b8d0e2cd540e0ae5ceec024a3c5a157acb7fab1e5dd12c155b2ccb41ab56ab72f511425c8779cda6cfbaef4ce366ad517fe7ceadd3600c8f62dbe572a1ea3008452b70cfdd3d7e225c13a4417f968b36748ece6b16da629e7542571d2b5ad43de4c57256ea0eb5a07dca834aec4b41bd7114051fd2332db10eb15da2aded0e3f3ed6eff00709020f924372370898059180b8efdab8b59657e83e8836e15faf147cebbd31162f7d7e51e46aeb65163f9ee84bb62a837a0277cb6d99d1bec2bc02b3173a3a4f70863829829b0683d873f1684bbecb36809d5e9537557bf7ca372d85bc35beb9438afa5f27a97d7ea3f611ae614b9d24cf5c6058f508ab8cfacd63c2b53414dbd0fd74abf6da3a1ab318beded4611e3c80e3a369e98bf05389a97e6f9069091660faf54bec15dbd6ae117666bea422be934ea959df008f9ef68ea74eb55230dc191ec52723a93d2b5f82dbf28d1f9dbc83a9efaf6a5e59a2ea2e5053e8a975ab3468cbab54cfbb4201a1734c126c6d9d1132a57afa32c4fd7d48becf7a5d067e59b97854efbafa0a75ab02f4a0652d70faa320e10684b1528e3e22e3f6accbff51569d0bfcd7b8c779e6a98cf7c2b312ce2eda8d2113d4e0e372ab7520f73f2907b0e3a422e79ce7aebd8728b9df54178a84b8e48c41aa4b19d11f22239cb100a6af95f612eb367d60f5fa0bbf61254f3f84625fe12dae682fa7dc065bee59fc5deb2ab93f96f36217996f6615ef02973abb61ba964962a511d9fcb5ad272f15588e3cceac74a866f7ea1135995cad447e70709d01e916d6a166012332c1e40fbee4f10bcfa87ccb6d7b38ca2760ea96520c7a73224cfe8bbf975bba125ceeec4409660509dd9916ef2b0232cfbb2121955cb14dc90bd6cbbe64d042169667cd5f38ccc9d41ea99dfab3726cfc8f8cd632b96dcab39d740d827c9bed9d7e1e5eb9d025abc0c97ed87c85bb619af1efc3a60fbced9a57ad27db7fe32b332bcbc7df69fedee4d65cc05a0820ad1ff00c60a0fcb027154a344da86853b45affd647a2274a4ceb8805cb43f434e2774e30865bab49f15afd58f524c9230aeab2c377d7a5af18ff731c3143e7cea28bbeffd5dfb908ea3216ad5335b73f3e69371b4a35e7bd9df3930f27ac1df571a8852e6766679c97ddf4c5c9ff0fa875d7691f75cf3ed08777bb04a28d7d854c794ae657ed3ead8f6761ffcd6a2c42d99b841740249fb9a6c6cc25890ddf41216bcd8cedbeb9726aba899bb34f65aff00880d0cc8136d3a5bdd85a677b731aecc7a9b4574c6a3dc303821152675234f3454335a71a2b0eacd7e3bc3a88a3af1eb4af1f631cedfb3d36c99a290d264d4078c103fed3b244950d0e4be56cd1e89ba51e3a613004e6527ef9e13fcdfc90e80e7d72e5f72aa302e54d36aca988a369ae094fe261c2a4bcde5060c7447ff00c2a2243bea1fdcc48a9501afa656ff00c169555ef50b8aeb247a9d0916c94e450be6d429ca35c6c8acb1359a0b8bc2bc9b3c40b3dfff005f2f292b932e39495c3949470f9aefd36bbfe1ae909b50efeced55ad7abda000ef11fbb47fd9ac8d1f73a26a4aa6e1e145562978ab5a3b1055ad57f25b1f42ff009d53a9d56fa7c0ff006d4183687b6aa55bd5c689141a0b6306dff79e79e39fbb06f96fff004f9c21d090b576073b70dbd7dd69d2eb457de25fc407ff00648f447e97df35078ead47a2bdcbf33f772cd24ffe1dcbff0010c9688928766ef38e8edb5c1d60d55cc84cbc19cfdea90c0b9ad3f08e843e80525fc3cf7fdf7bfd036b75554848ba1da711f752a26ad67cff003197264e954354d5aa7f7f8f8a3d4bf5ea87f7cba3a657abf886b5c4d4de28116163792220e86d0164cf506889b669aab3546c1f734e9699ff00af943c93dd454b825d3f2873336bb595d303b455bb95e5d014e09aabb2bdd959d8a0581f4f411330de9f94399a0d0936cf579b9706d863678173bfd272ff00c431d1748e1d37c35261623cb47dfe92ea5ac301fe0fdde79b2d5c7cd189de92dff0edfd3edbfe81ad5e53d60023f20fe78a7d770788f6fc3a7d6cb352902ce66166aae5b7a8d4eb31232d5259131940dd231e88c2fe63c012c4f3f02718046646c7561f949ea36d5801c5deca65d709159b252f76e33211932ce1f2f906816b4cbc78e759197e22f501b7a81373fb0ad60b2d596b59bb9d93e7e07cbe41a046e66c459768a1defbe482a55b233f49c7ff00e54429a5aa35beb15dff002c8de1bed1e362aff5fac56bdf9f592efda2d31a7cbe6092519ccffc3fbe79d79f770ff9f770ff009f770ff9f77d0f9f770ff9f770ff009f77d0f9157820ff00f247ffc400471100010204030504060706050207000000010211030412210005310613224151324261711423528191a11520335062b1f030406082c1d1165372a2e192f124434454637073ffda0008010301013f01fe14870e246881080e4e332ca331ca5613348a5f4fb9f66b35d8fc853bc5952e2fb54e9e58ccb6cb63f36963026428a4fe1d3cb13c893873244aaea47270c7dff736759766b05e34a45591cc39b79632b467b99c464c65048d4b9c4bc1f478410e4f892e7ee74a5280c91fc7193cacac688b8b323d5a05fde401f9e2364f1d3311a1a3b8a03c788b03faeb84e491d51910c287129491af775e5f0c7d14ba20a94b48de69af56bdb97eb9e21e4934b2c481da7d6c10589d3ad863e848e952ab58090029cbb7169c9fe589bc9a12f35892f0141205200e23a81d01b78e32f914c4ce132b1fda63eec2f2a915469714354b292caa8379f23e0f8464d16322a4a802aaa94ddc84ebc9be271f43c6f46de541e9ae9bbd3d746f73bb62364e994908ca88a0569a347e1a9ec79624e048c1cb4ce4c22be3a4076e4e4e20657293d2ea54134bc4094d5d0836b737c41c866e30d4024a8017b94ebc987bf107238f1a0089bc4874d4c5f4058f2e588994c48098ba29824821fbc4337fce26f2cf445d0a8a9a9d88bdbe5f167c4ae4604dc1de9a90ba8731a07e60632894813530adf765095288eadcb12d032ccc665a120a3814589b38162fab75c1c8e388ad58a690ba83b31b0e4faf8613904cef5685ad29a4a4397ef68d6c27218d0e3c3054953ae821cd88eb6fcb072b8a24fd249b5f913a16d5981f3c47c8d3bd443811017875977e8fd34e9f3c42ca62470952160a49507bda90ee6dcc5c6327449c69d4c1984555103566fef88d96c29c8f10cba776841a4b92a72e7a07fed8fa126530e22965a8253a1371e40b0e8f89c91832f21023256e56ee3dfe5cb43e3e1fb294cd26e4602a1c034d45df9db97962533aff00c52e6e39e3a5980ed11a13d18807f2c4a67535270d294a5269248245efae23ce4598870d0aee061f17c2b3c9c5cd6fd4dd9a48e441d79f337f3c27368a952f81242800c5c8b69cdfe78567b32b5a94a4a789415cf54d873f9171887984685987a6002a727c2f839ecc548a21a1212aa9802c4f8df10b39998508242438a98f34d5ab5ff37c7d2f31e8fba60f4d1573a7a6adf27c4ce7131330550d494f152e5ae69d0eb893cce2c9c230a84ad24bb283dfaf2c1ce66d4aa940135889ef1cbcbf4f8fa6660a0a54906ea235b55ab31fcdf09cda6528096164147b8fbf5c2b36995c3286174a53ee469cf5b5f113398b12308dbb485b8512d7247bfe2cd819e4ca6225494a784a95cf55063cf125391a463ef61fcf420f2385e751d4a14a129012a48005855af3d708ce2652c1835210d7b805c7377f2c7d291c54001c45279f774e784e77369895b0ed989cf53efd310b338b0202a1a12388104df43ef6f960e6f1d87087a376f7ba59baea31293d0a572a8d0eae25f26d3a97f116c4b475cacc263275497c41cd63c2312c0859722fafb883f3c4b66d1a55656848a9ddeffdee3cdf1167151a521c0524703b1e77bb74f97f1365791c8e63229518f4c55294027c12124fc896bdc860ef689b2294a554cca5d2093ee09d35b3922af0e5899d9c812b1e0c333015bc5292e340404b393c8a957e803e15b248304c4851c170ba3aaa8207fbfbbe36c67991ab248a9418a95bbf67c3f5f10472fa9122146831e91f870233aa96c6fc8e584460b5337f0265f9ae4f0e4f713509f855c410825c9b7436170a26a0491a627334d9d8b96aa14180d1294806948b837bbbff0036abd14cdf5d0425609c4cc792888484274aba0d74bddff4310a664132b4292ea63dd1a9d2eff3d472fb9a1a17156109d4e234ac7800158d7fa6132334a85bc09b313cb96bf734388b85102d3a8c459f9b8c4152b47f0d7cb09cc66d3077415c2c46839fefca8c52b66c26328ad9bebc08622c64a0f3389b9044b84d2b772af97ebe388327022c0aaa65524fc3f47f47f81a533ec9a165c897892fc410a492c2f579fe76234c4e67d9547cb552f0e5d945290ec9d41f8db91d4f7bebc05a61c64a95a03fad7137392f1c2591a15786bf1fd5b10a765512bbb30eeca0fe6cdf06f1fb99292a530c47949896fb40dafcb09919a542de01662751a0b1fb992a52155275c46cc27239056abdfc35d74c267a6510b760dafc873d797efca89102b4c262442b66faf09295c5093fdbe671392929069ddaf9ab9be9a767afe7e18852724a950b52f8995671a8d2dfd353cbf83a1a9288814a0e313b3b2b304510daea3f1f2c439f944ca88661dd887f3fdfa5f20cc66a48cd4200a405137b8096771efc46d9dcd65e50ccad229001d473f0ea398e5f5d092b5848c4c48cccb76c751f0c272e9b541115ac413f0fdfa5b35cc253eca235a9f712ff0099c45ceb348f00c15c5252400de034fd73e7f5d2a285050c459b998cd5ab4feb84cecd261eec2ada7c7ee68494ae2849fedf3389c949382dba88f73cdf4d34fd1f2c43939354a8595f1328f693a8d2daff00527c3f81a5369a0cbe5e8955c251a52b4d96076cded41f1d5ef77b0189cda9853596aa5040674a52f57b25f4a74f643f0dee7ebc08821464acf23e589bcc133413c1a156a7af93620e6698529b9ddf25077f69b5f87dcc8495ac2711e466659ab1abfcb5c224266241de816bfcbee686b542585a75185ccc788039d3fae133934887bb0b2d7b79fefca5c50bb0b612a8c57716faf0043546485e8f7c4dc090453ba5f5ff008c4397cb4ca8515f131f8f2ffb73fe0690da332b2825a2254a4d0b4f6daeb37374aad4b009d1f8bc3139b530a6b2d54a080ce94a5eaf64be94e9ec87e1bdcfd784bddc40a676c4e66299b6e0d0a8eb6e22fc9bf5f0c43cd128951068e446bd7ddf1ebfbea61541f061373c6eefae170e80ff0059092b5848e788d97cc414a4eaefa78621e5d1a2c0dea486bfcb97efa988a48618deab1bd5614b5285feb6985c68d15202d44b604d4c8450165b4d7aebfc4eab8c528d1f0c9eb8a07238a068f85a42b140eb8a401738281d70c97ed60281c38fdf54cd7c1dd8c7abc7ab6c1a30d0b0d04e1a1a8db1520e0eeddb0808502d8dd23f7d67c529c529e98a46294e294f4c529e98a52314a7a6294f4c301fbe648328f4f073227741dc0773c800df1f7623c9ec7fa2d48983584e82a62a08d6f0fbcbb33b31a9c35388d2db2708a0c28ea5fac482e08f576a8e8fd46afe1cf1021ec2c78a22c452902a6a789a9a0f168b21d6d6acebcb0257631052f1d67b0fcbad63b1e405eceeeac4b42d93892c94475d25cb915d5da53774a29a5b41555ab07c4d49ec9eec981305dd20595716a89140f1203f26c431b1b0b3c8b59aa5c84d3f6962548ab9851a5355fe00d8621c86c6186ea9a5bb2391d49e31d836034d5bf16988d27b151e3a1106310edd5bb49172a47349517b014f66ed89d92d95919a8698718c41eb2b0fcc0e0a5410353cee3a86c4492d8f4a3866564face4791f57dc1da1737b783e25b2ad95989e8e9f49221240a492c4f0927b849e2003048d7a8015125362aba5330b6b5d8f53538a2ec1806a7ae234a6c8a5094c28ea2f112e4bb8471d5dc6f62f727d90c5fd1b619485a37ca14e8abbab8e272a18706ecf2e9abe25bfc2885478715c82a4841bb84b2aa5d986b49628516e1035563d1361cc408f48553ed5dfbdf81bd91a17f0c083b2098680222892a4053bd9241ad4190342cc0d5ef189287b1e8871931d4ed1380fac72871ec803477700f4c4942d958692999585716a37aece86a6c033555d42af6793cd43d968922530549118ff00fab03eaf4aad47da3d5c4ecd66c4c4bec6468c688b42781a9de5efc6f521570346b79e0ca6c422ba63ac9016dab1bf05b760e97d7517e98325b186a29985eb607cace777ccf3a78472561325b253710c3446a098ab09376dd9ec28d49d06a78aa6b339711b75bd56e9e97b3eadc9fc7f67952a0233186a8c82b482f48bd4d76f23a1f0c44cd7678c430952d40757712540385246a34e341d1d343e8d8879f6ca830d51251d887142006ad04f375160a172c5d980271219a6ce232712d3304ef38f88210750a092e54096716b68e310336d9e872a21eef89800add4355240e224157acaf565fd9f75db1f4be40b5c130a57b112a29a13d9ae2167775ba5484b2980a7c7199675b38b90ddc94bd0bb3130e19763ccb9d5af62f7070acfb22891b865389e270ee61730b10faf65d2e293a3dce20cf6cb88d326625d5c6b2c19a945682dda149090a0581d400a487744e6c86fd6a12cbdd949fc4ca714f7c1664bf6817511748189bfa0531e5e22612d30d93583aab5a94935793680f863e90d93508898728aa5944732094a75357641ad9c1eeab52ac6613bb39125cc3958241a9c166e1e1e13eb14fa1eb7d1816c19ad928b994289e8ebdd71563af46e3b37981f90949ad954c04a662028a80370752ffeae434602fabe1737b2a89d84a4cb2c4365560dc9a806a5d5a0bb1b1c4bcdec9155516556ce1d896fb3bf7dfed1c8bf67e1844fec9438694aa554347ea450a06e565895106c1acf85cdecc02150e5d565a0937d386a4b1591765900b9d38b5c227767e066506289734a07124dea5359c2946d56a346b3615176261c64a9506253a9d5fbc9a0bac7e05921ee4a746c409cd90a3d7cb2decec4b0ea03ab46621f9950d024e3309dd9a8b01698700a56c29e161f6691a6f1eea1502a2bb1d0938cb736d978595265e7258aa26854026e0ac2b5705c24303ab150b6b813db1de88a489555c9bb3b5edc5bc761670293c9c93562347d9ff4486652594e1692a252e9212e48ed9d5ee1c381ae153bb1d1e6131570545d5700536a3925242471e8c5d85ee6e67b630a21a8ca2dc04056a03f0d5a2fa0537e2b9b693ca925cc154a8212791e5e02e5c79dff003fda6573eacae7d13203d2f6f30478f5e9846d5942c7a84b7b9fbfce9fc5d3ba2d889b4888a085cb22ea42ad60296b583ddbaf78f32f856713d38854787220a1485a6c976d0a97d9e4e1f4e57188b9accc496f5721c3bb02aa7f0d255d9ecb9abfd602aae5839ce6e6612a46594974ea08ef279d2902a525afe4199b13d399b4c65b121aa42949ef525d2012b24f0fe2b9e11cfc30b9ccea29853224785d44522fc60f301ee1618f80e9894ce3338d2fbd4c9248aa93c42a2c53620f16a5014ad0967be0cc66d165a720090534655564ab8798b372e5a0bf321252339ce972a21c591a92942921d06c0261a147b3cb77c4750ece18615b4398c29930c65cc567b2c6ec027d9e2d35d2f8cbe7a7fd08c7fa3ab5062784335210fa1554a2926c3a9f1c657319b65f24a99959526128a4bea1e9890fe0492dd180c43cea797195104821221b05034a7babb0a803e34b28db0b9fcf21a54889200a806a99c5a104eba54c1c5f990073c479fcd53126a64c9eed2b17b52dc0a87d03de202433fe7811b348d2f0a5be8f24a54857654e4212949164bb1b397b3db5baf38cde2c3542465cce7d93da4a54a07b238f8ab3d42406677fa5733a56f9617022026936af8bd9ee8bdefa176c4ce7999cd448f08c8711a9c524949894dcf0f85ac0b35ecf89a899b4fc8ee1726417869a8862f4a1205c0b961e415a73c4ee67994cc45428997d513b3c02ae1292e0285776a1bd8dde9a8c7d279cc45fa67d1bc0b3c2c8d2c0102dcc94a8288ed0b3dc63e96cdd7092d971a78859059cd00d3c2c0828f165927c310f3fce32897dceea84acc4374b3d600b38d124036f7e0ed7c11177899545ee43002aa9fa68134a59c5d351e9883b570e16b2a93648f838e9a17b82fe78cd73239a47110a0258116ff5295f27a7c80fda65997a3318aa415d2c92ad1f4be27f65f33cbd2b5a98a52aa5c117d05be23e3e785ec4e7481dd7e77d03254fe5c43c5f102476a32bcbd46190986973dc3a80ecfcfd5d9b4285017d7e8ada58596c35c18e8216948eca5c0dd3dd4ddd86aa75a98f42e6041db3765450906e7b3629217d35f580f8bb7261e95b4f3b220c0980a0b8654a14a12c9a8a59db57059b0885b5b9644441871520b2d3ddeca510d46e45c14d0d7bb7c60e57b6505d0149037973c0788b2c97676e00e3471a61636c62cbc4800a14140a6a6482124254a6e80f08d3f20c95eda449844a85878f5f245dcba9cb78ff002bf2c4c276c131204da962b7a10d43bc51ff003fca7a1c260ed885d4a8c915d2b7e0eab8c83a5812147a7221ad8cba536a60411025e204a90b6a785c1b1b923da8812dc944bb0189594da59f8d19085a551174120d05ea428a6970c95043e8c7de30983b6bbd4c44c70e5b4a3bc690d6e887f0f3c4e4bed50ca169594080c0909081f89ac1dc58e043db454a425a163d68497601ac4245c3310a4b96d5484bb80028ed7c39445d3d90beed549484a5eda3242475533df0b90db4af8a2a6b2580145ea757460ea83f11e25f2a3b43373b1e604da111098692484f13a4d2d6e83401c921fa8f40dad9896ddd4952134fb176420a00b39e1a4b6879f3c4485b5d19e05697049e5a0685a68004bf2eb88bfe2d4ad12d311523ed15a20b9442b85326ef0c84decc7c311236d9c94c25e28aa22948ee172a214ae5a3ebf016c66392ed6cfc169aa5543fb0fda29d59f894fe7a9c2763b3b5934a416fc43c47cd49527cc5f9606c8e64d7297aa921ee2e94fc94a00ff6be27366335909554c450290fde1c96107e0a201f3fda6cf65b0b33985a224428602e1b9a9292ee45805151f0188db3136612889b051c66e4de82dfd7b5a07c1d9acdf7ec67fbdad4ad68a9fc4ea9b3917c49e4e98f95889e905248573e12c55c1af855a35fae26365f3393292b9db0600bab878565bcc52430d1c75c4becd4fa9293e981b4b28f64b12c74a6fef5829671885b3d3be948810e600ae154ee4589ecf5d75f7ab4c66191cc41918b37127379483a126f5a61977ea2e3da4a7a0c27219ead2a39858a99c15383588479ebd2fc480ae98ca32e9c5cbc29d979ca56f7abbae691d790e7e00625b2d8937206704eb2d2a5a52e48b0495162ee2af2f3d710f676662e61124a24d8a6194925cb5d2eec7a014bf5284bf162264331154622670164d46a7770949208bff98df10710b23cc668cc4ca26b892a881ee2b50676f15d561cef885b2936a2a289b4d8d24b96d56817f2496f3039e1390e6ab80b1e9a292492e55aa4fc490f52b5a7537c42cbe7e567d3974498f55185c8f004b5ee3e17045b96263672340a912d3a295302e7ff0091207977540589a0d850d8ccb275c9261c49a992bde2a92c7bbe2fcc1171c8f8e17914dcd9261ceba5d6d52893c2e973c8697bd90526ef84ecfcc4d4dae9997e3672ee580356ba90782fc4ca6d310f259b8732893f4cd6becbea21a4b752082123c88c43c8f3233d2f2c27071825c28b2799bf8f36e615d3117668474a150a74394a4aaa3a158f7dacc49fc20eb8ff000d4dc64a663d338811daa81049a4752080dd3a74c232ecc268c7964cf1e0298773621773e5c56f13638caa463cc6611e51534a4d155c12c4b804f97324b0b71148be0ecb660a5de701661aa8f4d3fdb4f2218b86b1c9b32872aa9654e2695b921ddc8292cfcc3ab5d2a4af98c4442e12ca16188fd9c92b66a2e5b44d26988cae215bbba697ed274a9d80f3070a93d894c503d22211d74b3a47f9679152bf969e60e2625b651196ad706328c52d482f6150fc00384bf9f20f6c4794d8da570e0c72efc2a357b167e0f6ed60ecf89883b1d0e09870e696b1767a98594c5a84dc9a7e776c66125b30209125304aff0013d2c397d9a6e7dd7b377b1060ec8c5928422ae95b0a9abd6a4392e923b35b00961d556c4c653b1b0a49519336a278e81ccb134d49a1d366d75fc3a60c2d9c8521505954528d2f65550ff08e5bc1a90c905dc80150762a6e6622b7861202d920545d1d7882ae7c4f2b8189946450e753b93543e077abf9cf6411a743ad8623cb6c5c5529a35165766b67a5148e24a8b555825c75b06c094d8e55477eb165b7983eafff002fbe2e74a713b2fb195acc18eaa412c9157b1e28e6ab55fed6be25a1ecdc0998d0a62215c3a850455d9e2baadaf65ec0be9cf1072ed8f5cc086a9a55f43a01c4ad5e1fb3439d0124dc06c4de5bb29052a442992625c0bf0bbb0e208b803889e7a58e32c56cd2e48429e0cb72ea15d4cf0d8f3468625a9b848d0973065b635452624550e1493ab55de4f609f7bea6d618cb7fc312ca8899e15ba914b556410aa8b8a7b3c2fc249b8006a20c86c8aca57123a9292a6f10376147b8f659a3b3767184496c7c429aa60a4537ed76bcb766dcdeabe8006ba25b63d75c4891943d629921fecd8d37282c5db57b72c4281b1d0e2c14aa29524ef2b3c76742682c12345d56153b71162c23cbec3ae2aa2222ac25ec90fd9a3a94aaf5dbfa35f11a06c94084a8b2f1d558ec8e2ff2b5ec863bdf16f06be150363a3886f168e043d3bc26be1adea4916e2229b3db4352532db1223291be5d2c388bebc4ec0203b70eb63f2c4ecaece225d7e8d1cef068eeda25c7d98bd55007845ae03e35fd9a33380988951862c611d13dc4b2869ded7f3be2366507e8f10218bb006c079dc6ba5b4d54ee4bff00f5d667391e595021416788a22fe001c519b855d69fd7bb021e62a493526dcb99f96232f349780a88b502ce6dff006c4acc7a5c9c28ecd52127e2907ee49fcaf319e5cb469684a5eed4a25813a81d3060675ffb289ff49c7a36747ff4513fe9389893cf63cac44092881c11d93fdb12f2731974a42968e9295a508041b7747dc814a4e871bc89d71bc89d71bd89d704926ffc29ffc4004011000102030405090507040203000000000102030004111221314105135161f0142232718191a1c1e12050b1d1f1061523304042603352628210721670c2ffda0008010201013f01fe284848a98666197c5507dcf3ace909a341727ae18d1fa425d76914ef868b8a473c5fee6d0ba4b453d4666da4056db22feb8d28e683d18dd54d24ab2141132ff2974aec81b80a0f73a94a59aa8d7f9c4c2d6900231309984d8493988e52909269853c635e2aa14c20cca07878c72949a505f08982180b543ae912e56980fbb6577e036520cc2526846caf6c7284dba533a76c266358ea40c0d61c53aa7b56834bab0a7dc69602afbb2854d369854ca52aa50e3480f8514e58f8421ed60ad0c2e67f0d567110fb8a42059c49a42d4f328bcd6f11ca534c33a472a450103811ca925272bab1af1acb10999364950ce90a7c2711b3c6260b896ca9269484bca6d22dde4c72941200ce1b754b7549230fca7186dd55550e4b730369c2b0e4b21c24984b6949276c0966c22cf6c1612697e11c9500015dd05a496b57947254df524d6e832e8278ca393a2dd7b7b6112e94281ae10e321c55aad0c727401d948e4e8ad63508ad77d6030806bd67be04ba426cd4d23932294ac38da5c4d93025934bcef832e83df58d426ee318e4c8a5375214ca54aa931c9d3b73ac2db2b7d27210b485a4a4c2984aa9ba16c256284dd096c25655b7f933f32eb2e9166a903e3581a430e61bfd61138a5a546c52943027cdaa14ecaf6fca25a644c8ad9a7b1a0f43cae950e6b5ed591669beb689f04ddb4dd9c1fb2012501736816baffb826bd44a81073473a263ecc895d1ce4da9f49030033e701f3a8c45db61afb292aff3db99163984e15a2d5403fec13ce3da328d23f661dd1d206654f24df80c7a5641ff006e9276a6a72fe08eb1305cb485663330db1361eb4a55d539f1e9ed9c21097013530a43a57506ef731200a984ad2ac235a80aa57dcc4050a184b4da7011a96caad7eba43eccb13ba304c72816c859b3756a9b3418dd5ae6065139f66a525b46aa643f52129552eccd36e07f6f8d3db51b29261b74af28538a4aa94fe0ce4acc178a82eea886e55f4bd6caeea9f6d4094d21b6d69adf0a6d6575aecf7361095a57846b100d3dcc402212d369c041690555fd749e86d113124dadc98085a90e1a15a3a491cc1fe153fdd8e54ac4e685d08c68d53cdcc55612934b4937937dc2fecc51fbb1f6d57086dc5ab1105c702e94fe1c6f10db6b46260b4e15d6bfae54d34872c2b1f9c26718539601bfdb268212ea17846b9bb54fd72d869ce9084cb30955a02ff6c8a880da13808d5a09ad3dccab8436e38ac44171c0ba53f833924a5ba561598386ced86e44a1eb76b3278f3f6d42d269086ac56f85324aed57dcc4d0425d42f082ea02a9ee62011430109105b4135a7eba4346fd9e7f47053eed974a167a63a55e65452ecea2fba94adf667347fd9a6f46a96cbb576ca4d2d675beea778fdbedaab64d21b53a7a420a9eb74a5dfc19d93b6bb608ad465b3b7c7b21b91287addacc9e3cfdb22a290db25bce0b04aed57f5ba474fa347ccea4a2bdb0d7da0d737692d644e3b3b217a74b6d6b0b7775fa468cd388d26f968229415c7da268212ea1505e4a5567f5b37a164675ed6ba0d7ae11a0245be8da1fec60e8292526c92aa7fd8c49688939074b8d0be94c7db0948c0458456b4f7f804e100138450c290a41a2853fe1285afa23fe0024dd1655ee09271c6a62d2135343f035f08e53a482d6e066951e4a03c09ee833138a4dd2e05155d9fbcddde0a7b0dd07494ca5749862a7b361a52edd97f96d86f49cca501e6e5c52d6207f95682eff0058d1d3d31a3c1a375adfddf5ca9beeba0e92994d95197176ec4a453e2413b6898727a6661d46ad9a149a8a0d8781d90d6909973f0d32f538ff00ad4103e091d99c07e6d4c96c4a8bc1fad69e77d06c8724e69a4852938e109977d668127f5b225f4cc82c9a2a87e07ca1a734bcc539c924d31ad4552a23bd36b6efbe90469c279ee26a4d3f76555e430e7e1e1085e9a4cdaca68a52695ec0adb4c89895fbccb69d5a01b8d30ad0d6a31a8a926999ca359f6879e14919d70ceaac8f5f6f54177ed23242ec8cf66c1bf6246eeb30a774e4a4bd1c0004dd7e3ceea3e3df531c874a3166d58d999e8a824615ce94a76c3434e6a758a5a4040adf5cd34cafad15ba348bba4a49c6b5ca0697817dd4bb3e0ed8ff00c83489b5522ff335f3fd6b6e38d2eda0d0ee854ece2a9571576f31cb672cd9d62a9d66113734d9252b22bbcc227671b484a5c20759ce396ce508d62afde6173f3ce74dd51ed30b9c9b75252b70918e26133d3a9350eab3cce779ef37c267a7515b2e28577985baebbd3513fac99e51aafc1e9425cd216e85377af5ece3384ae7d55b4902ef1851d2694d902bbeedbd996e8b7a44d79a33f4ce16a9f0b2523e14f9e308727ebce46df4ce0fde2a964d2e5e786c3e7482ee91adc819fa67c6e84b9a49292549e28761db0db93ce20d534c29e79c07348137a065eb9c2df9e4349e6738fcfae039a4a95b038ed84af4812494e47beea67d7f38b7a4c106c8f95c37edac2f971092365fe1770446b349d2b64714dfd716b4854dc33a79670e1d204a4a4657e18c38a9e3d0196edfe94cb6c20cf076aaad9ff5dfb33c374257a4529bd35c76766062de9234e68cbd738d6691fec1c76c6b27db1529af3477e7c6109b566fc7f2dfb459212686031374b4175c33eff23d75832b3d780bf13b0fa43ac4e198b6855d75d53ba14c4d95d6b77fd8dfb3aa9bb1ce393cd80aaaf114c4e341dd81c36c332d381dab8ba8eb302566826f5dd75f68eeaf9c29a9db28b0bc078d0eebf282de90b239e2be5dde50df2a29502a04df4ddb046aa7eeab832f3f4f1869b9b0baad5971908b13e1922d0b57538a43889e2ae62871d901b9e2daaab15cb8a42d13f4a256383d5b3c60b53e4d42c7046e80dcee6ac8f1875416e6d4ca936f1cf60fa404e9229e90afd2fc3ac429bd215e6ac71d9c5d0d373814095547a9ddb3aa1e62794f9536bbbd2355a42dd6d8e3b21299bd61b6b181a5fe901bd2294502b2ebcf7ee8d5691a916c674f2ca1a0e045178fe63ed6bda28832351d23c537ee81265382ce07c604bb4d9092e5e083f21018405deedf5dbbfe3975472762c50bd5e3ae1a6d843c0877c7b3ca0372c9aa359dfbbe90b97652ab3acf0bb3ecdb16180b6d5ad1cdbb2bf8e338e4f2c1754bb4a9ae3d67ce04a32a4575d87d7b21d69ad659d6d0707ce1f4b0eb810b5f387cc1832cd8481ad26bd6766c80d4b1208778ac25a60842359523e75f28b2ca54a5eb71a8c769812f2e08517bc7691e1946a19bbf1b667b3b6112cca024eb7c7642030d3b6839b4f8930db2ca05a0eddbeebfc37f5d63532e06af5d78dfc6f8d44b857f5afbb3ebc6fdfdd06565e6176ab5229e1f38fbbd56685678f5af7c2a449fde61867509a56bf4fcc79d2ca41a561a9d65d200c606929630a7249f74571ede33f18d7c99788524dd5dbfddf3be14ad1db2bdfd5e516249b739c8a50ef37e305520f02a29d87bc9f3ac29fd1cabe996feaf381f772561578efc6f8a68d082ba7469b78f9c23eefa2914bb138e5055a3a9d1375d9ee49f2875722a55a58c463c6e10b724da4a490682bb768f382ad1b66967e3c670dae47940a56d76c5747071408e8d78f03e303eef2e1c76674ad78ec80ee8da5c0d3b72bbff00a87f9236da5360917edbb6c6b6410badf5bf6ed35f1ac03a3d3cea71d284f20a15a41cb6e6af9df013a39c4746e17e7d90cccc834ae656febd91f78cb0e38db1cbd9e3b4fc04373ac3abb09c7d2bf0fcc9b794ca0102bf4ac2675bb43f0efbbc63964bd9fe965bb6c393165ea58d9d795fe5099e65cad1bf86d1f385ce3553f87c71e10a9b6ec15146069eb0d4ca54ea501ba7d2bc6c8334d50fe165e56b8df0fbcd8596d6dd470616f06ddd5eaee201f1a419b425a0e06f1e38ed81349176afbbb7e506659458414643b3e90a9e45d56f8b8f9c72a60287e1f078ed853ad2dad7047393089c4aaf5b77fa7d7bf7c33301c242114a409a6dbc5bd9e3c77c72b421b15465c0f9c1986ca0b9abd98f598332cea94bd5e1ba04ed92416f3cb771f18e58da4d8d5dd05e6916565bc6fee87dc4a1a4b8118c72e680fe9f1c631ca192b0b0d9a8f5e3aa900822a3f2dc1381eaa2f1d9f580e69223a238aef842e78bc0293cde37c25cd2350549e2bd7b212ad205552803bbe70d393b6bf113771be14a9f4b86c8a8ecdfe9097f48a9c092decaf9e7c6f8b5385dc289af85fe916b4936802968d2fc31f08419a2df3ae37fa4257a4934e6d70d9beb9f546b3485dcd197ae79436bd23416922bebd7b3eb0b338a424a450d2febbbd614f69009ad8e2837edac36f4f288251778f7561ee581cb4de1b2edfdbb33852f488ad1233e3187b96ae9aabae3b31e2b0a767c54048afaf5ecbe0b9a405688e3be0af480a0091878f7c156902951036530db7f84255a4c0a148ebedebd90954fa884ad376786debd9015a4135e6d6f3b30cb3f8c5bd2566b64714dfd70dae70ac5b4ddc6ff00cc2ca88a576f8984b2ad6da3ff00aea4259a79a79d7304007bee8b52047478ef842a494e04d31e3fba18549ccb8108491534bfae9b62699e4f32b6bfb491dc7dc925372ec30fb4e280b60634db00ca57fac8ef1f382a9326bad4f78f9c30e48b0fa165e4dc41c46deb89b7da999b71d6cdc547e3ee42018b29d91653b22ca76461fc53ffc40061100001030302030504040808070c0708030102030405111200210613311422324151152361714252819110162024334062a107303436728294d12537506092b1c13543536370759395a2b3d4f0177380b2d3e1f1264454768396c3e255a3c2ffda0008010100063f02ff00d927f3fa8b2d7f4d76d5935e8ffe9eb9b164a1c49fa4855ffccc2b59b0037d0a6f0d73036b366d4cfe91ff00da1f511fb47424d6a7a04c785da891939b8af9ad77fbf41caad4a43d1d5e36918dd02fd45c6fa4f1270ccd125822fcfa7a796ea7fa4df857f2d8e914da9a9be72c1e43edf81fb7fa95ea3f2786e95da596a1541733b7adef24b51cb80dfe8ee34ef15b0a6e170b47695d99d90dd9c9f6eafeff00a3687979abaf4d3347a5d45fe74a415c3e7c079a449481725b52d202f6df6d3eccaacbbf9a4853335c6a03cb44550563ef1411640bf99db4ba754ea2f29d69a0ec81120bcff21b3d14b2da4840f9eb87a0536632ba6d56993252defac1018285057a59c3a157a14a2fc652d4943dca5252bb1b5d390ef0fda1b1d7103746e36834f8f4aab988c30ed179d900da1772ae627eb699adf1a3cd352d5507e084539971eed6eb4b29c9942415281b5fe1a97c63c115043aa62534c9e6b2416d65f6d0b42d0ab14aacae875537854804d196a4d4b34293c8b202cf51b8c48371b6b8961d05976f4ba209b4f90ec07921c25a5afbd9a001d136bf8b7b74d53294ba9afb7ce889520984ea197dc08bac36e14e0bb6fd0e934445695cc5c9eccdbfd95deceb7ba72c3d8f2cabe17f86bf138d4caaa5cc4a1515b8eb514dd2157361609b11dee9be9aa447abb854fc9eccc49ec2f08eebd7b6097b1c09bedd74e467f8815f9bc85312dd4c278b719c0b28b38bc716fbc3e911ebd37d3fc3cc4cbcc8cc36f3cce047bb5df1503d143ba7a69badd0e5f3e2bd9729dc0a72b28a4f5f88d2f8b786f892051e9ce3ab1498eed339eb7db4a8a438eab318e44744f416d70b52abd494407ea4ccef6a45f177d909c4a0fd537bfc88d52a7f10f143725da934b5467a3407476a293be0dd8aafb8eef53e5a812e81c4498e175c4c192d4a80e870af0512c14900b6ae86e76dbe3a5d126568a5c69f4b2fbc22b85865c3d10b7427042b7e84fe034c75b67f16de9ef5262bd877fb6b6da5677f427340f8a7526973ea2faa4c3b1951e2c079e5349290acce093ddb11dee9a83589557cdaa98069c22b0b797276cbb88402a3b7c36d710260cc43d020ca61b84a0d14a85d84a96157dee1790b1dc74d5538538738b22d32353a9f19ef7b4aed056a733bfd34dbc1ae23a171fd560388e1e4b0e2eaec34594290e20aacb4952b150b7af98d2e97489ce8928679dd9e5c3763ad4d7fc2243891927e234d51699575adc90a52623aa86ea5990a4f50db85382fa791d26888ad2b98b93d99b7fb2bbd9d6f74e587b1e5957c2ff0d394baacf7cbecb41c9298b01e7fb3a0f45385b49c07cf51613f5b0b7a7476df86d30c2dc2f36e1212a4e20dc6c7e437d2e8932b452e34fa597de115c2c32e1e885ba138215bf4275c4143e2694e7269fd9d515b8901c796942990a5ad5cb4921373d4eda62ab4c9297a3c9692e30ea3a2d245c1d2f8b786f892051e9ce3ab1498eed339eb7db4a8a438eab318e44744f416d42ab7f0890cd36a0facb2a82c36a794e3a09fd12500a940db21e80efa7b8b535b098319ee54a71c6569530e64138ad046493750ea3cf53d7024c85c887015290cb94e7d3cf6c6d9a2e8f788b91de4dfd7a6a97c5f5875c8e6a4d23971530dd538b74a6e50da31cd7e7b816b6fd34f716a2b4130633dc994e38cad2a61cc82715a08c926ea1d479ebdad44796e472b29438a6548cede63202e3e3d0feb2dd053959f4172560772d24a461fd75a929fb4e95060612ab72520ca73e831e89f90f24e973e7c853cfba6ee3abea7f076ea4b9dd5fe9e3abc0eff0071f8e935ea1bc59e73a3b5b24f7a33ff0045cfbf63eba6a73a9c5ddd0fa3eaad26c7f7fe4707c6a8d19d974f665cb5ceb36a2da7dc5d3cc23c8a80163d7a6ab3c1fc3fc36e54e972e04897c3adf672e351dec4954372dd104ee8bdaf729d707d69ea8f11d41b8b356dcd548a098d1a1a971dc6d284b696927c440bf7827cc8bebf841849a248ed13ea1555c667b3ab391922c8291f4afe56ebaaa50279add3f382c374e8944a2dd552f703772416d56b2894dae8c40ebae03a14b4d561c567862644a938d30b68b4e06e3a396bc86dde49dbe961e6349a5f13d257167d317d91f3c82869fc364bad79142858edd0dc796b8aaa7c67c2eead4ed7d5d956f29d6c38cf25adc5880a17cb7d70ef1142e1e73d894e812a1a9ba743539d88b85b525cc100aac7050240f3d718f1253787e7219acd5a02a9d117114979d4b4a612a7b976c85f1277dec9be99e18a6367b271c476d8a9a927f46232f2715fd661451f60d71dd25ba5cacea5c32d7b34350d650f60c3c9294a80b5eea48c7aefae01850e9afa0c296cf68c183f9a8ec2ea6eafab6240dfcf54ff00e0ceaf2f8c573997d9664d25a86cb715bc1d079e2418c472f6cc1cca8f4ebae30abae96e244930846796d94a5e098fd12af3b1d5264d5bdbfdaa9f5c8726a54689c3c58874e422424afa35776de5652afd6dae2fe141c2552952ea55daaa21371e9ab71b985c7148dd60628b743911602fae1a97433cca9caa50e1a92e255f4dd6c72ddfea2d0a3fd63a8bc3901168f122a586c7eca536d37fc1ff001770e5615229654d427e0529c90dce6b225050a40202add42adae10aff0016d29687f0aa2e4a1a67bb0d0b08e536b236cb1fdf7d7f07667d0a53669f12a3dab9b1943b3a949b272b8eedfcafa932dba24b2d1e3d83203a232b12d0818a9cbdbc215b5fa5f552fe0faafc0532ad537aaf254cc45d3d6a8f514bcf95a5c53b816c26ca17cba63d353aaf4fa73d2e4c788b5c78b1da2b53ae5bba9006e77d3061f19d424d46998d518a676560a4cd49e6a80211cc24a8a878bcf5c51c4726852a2a6a6c53d6cf6a8ca413f9b6e9dc75493623c8eb82b8ab88b87e798b1b865c81312dc171c7203ca2da82d4da4662e1053d36d7167103bc3d329f1aa35261d8626462d1750184a73b1f522fea2fbefaadd438b3869c911452e1261bee05a505577730142d73e1d716f03f095167b54d1229d52a6b0cb6541cb2c2a421b5b8082bf760e26fbf95b50eb71a7f15d57d9b0645e456e23711a6d4e009e4dbb3b6a5a8f5db64e3aa370f70622bcdb625e33a815ca495b7496ecabadb92a40f0fd1ef2af7d53ff833abcbe315ce65f65993496a1b2dc56f0741e78906311cbdb30732a3d3aeabf4594e5660a5d6909a646a1d1828d4c72877972396ab5944a7c48c40ebaa1d55ea3ca6d3178063c25bd221adbc1f43d65b7de037eefddbeaa5fc1f55f80a655aa6f55e4a9988ba7ad51ea2979f2b4b8a7702d84d942f974c7a6b8c6a2fd35c4225f620c3ca68d9e098f6389fa563aa1532a90dd8ef374b6d0f30f20a16836e841e9a6ff83fe2ee1cac2a452ca9a84fc0a53921b9cd644a0a14804055ba855b5c39c79c6af552072d33932fd87110ebd4f4baa496b2416dcb8c138a8817075c5551a6c1afce5d5e743c15568e90f4c4b6b68730328690509b5c6e2e422fa81220531e75b4f0dd55a538db44a42d619c124fa9b1b0f86b81b8a848aec3894ba2ae0d41da6d3af221bdcb685cb6e34b38ddb524909f4f2d7155429d06bf395579d0c255558e90f4c4b6b6873032db48284dae37172117db5603f597e2b73fb37bc8adf3c26f8252dc978fef40fb868564f13214d3a02b2ece6eabe984b9c48d8321566c767d374f5f13b41d7525484f23adb428e7895be7a9ae601d9cf86f6d2e1c6e29425f4a41562cdae3d3529125e42c3f239a9c3c8e0907f78bfdbfc73bc68ebd25e98b6392c87e415371d071c8369e89be22ff0094fc4a697319139e94e73157efbab2b57d973a89c553de92e3b013f9a475483c86d7650e661d33b288bff9554b6e5b91f9cd32fb6fb5b141694a439ff61fbfc92749a6566b1504288bb2b44f7796f27d53bfeed0cabf5136e979ee7f7e8386bd51b8e87b7b9fdfae7af882a1703c46a0e7f7e9355875fa830d2dd4b6cbce4c70a9f55fa245fa7c7522a12a4adc43b315d9f337b21364fef2927edff32ad1b11263ab99194b1b5fa149f811707e7a3c27c5f1cf6542b065d77c714fd451f2b792bcf41e717da602ff0045313be3fd2fefd7316ad8f4b79fcb49e22e3c70478bd58824f79cfe97aff47498911ae48427169bff00f0adf9a95fb64741a6e0c5462db4809427e1fe65f6a0a547920583ed798f423e90f9e951e1b2a759575ec124241f9b4f5d1f71d76e8d46ac8707e8b310c25bfe8f7ce3f7684bab3e237aacc832247cb23dd47f546bb25398c47551ea547d49f3ff00db7e5d0b86a0405b5043687dd96a5dcbaa4e65231f44a91f7ea3d6dd612d3cacdb92d24ec8750a2858f95d27ecfe267d6db6838a8709d7c209f16292ab7eed26855ca6c2425da6ae536ec452fbb8adb4e272f5e67fd9fc3068d44a3c590a9715e796b952548c305363e8a4dfc7a5b7161502529afd230c4f5e5f2bd8dbeed51a770bd1d859aa26473533de2931d6c94a5482120dce590fb350f8825c6432ec841cdb6d574821446df77e454abed321c54180f484b6a360a284155bf76a752abb06135d962477db5442aef7314e8b77bd397fbf4fd76aab219613b840ba9649b25291e649200f89d254c52e8f0d2e7e8e2ca796e387fac9b0bfc81fb7522a51a88d22ab126478f2203f20e039ab094b81606e83bd8dbe891e5aa82eb30a3b2f41a8f66fcd964a54392d397dff00f596fb3f256e84df14936d3548911a9812ed2d729420cb2e2d9214d0c57b6dfa43fe8fe47b1e8b4784f2534ded6b7653ea07c4a18d80fd9f5d43ab2dbc0ca8adba500f4c920db5f8b9c3b4d6e5ce4b617256fbb8b51927c395812a51faa3cb7246d7edbc4b029f229e156932698a505471f58a4df203cf706de47532954fa341761c29d19853eb90acdc0ea1955c002dfefbebf954e8ec354f02725e2a7ea328b4841472f6e9b9399fbb50388e43086d7323871486d5748f97c3f043e14a3d21c763b950761cba8baac12975087094a13d576537893b0f4bfe43b2826fcb6caadeb61a627b3c2f48643cca5602aa0eafa8bffc18d45edf47a5165d9cc30e729d73201c7528b8bff4bf224c4a6519ca84f8f04cb71bcb069a6fbd62a5fc7155922e76f2ebabfea6e4e96e0434cb656e2cfd1481727512af36acdc17e54976b1210fba125d19a4f671ea7170003fe2f5c53c174a96fb525c65153a6f677d4da94be8a6c14ee015349bff00ebb52f8729d5695cbe216a1b94e2b94b5292399f9c5944dc7bac751e42a74dec72d73d2c33dbddc4f20c6465e2eb9a9e1ae1e6e6cf94a09e182e7f2b7077b3b5cd8ee74f54a7712d55931e8b4f7c3cc4f76e8fcd1b5a8a5395b23feb3a6b88ebb22743617526e3ae9ad569d5212dad160e2acadd65ec53a8fc3b51a84a713c38c4a54e0992b0a77bff009b5c83727940fda74dd3ab13a5bcd53e47604474bcfa909752ac5f79ce5dd6e59ce65bad929481eba4d6b9f2cd3c4a5c69b11e53dcb705bb8f341eef237c7ef20ded7d48a8563b64c96aa43b3eaafb5515b5c860019a5b17b7d22023a10937f8d45ce147db6e5b5c36432f3cea501b497dbc9792b60424122fb5c690b6a0ca707680dadf5ce79c5916dde1202b03bf905151f86a4c3a9cc724394ea8ae325f79575ad18a569c8f9901605fcedaa47fcd32ff00ef18d448cccf61f3053245291ecf547e7a9449292eaaf9f4fa3f3b6dae17430eacbc155233d2e26c51214b429c4dbd0156dfb36d41a00a83f1a040a42e7544c474a1c7b279f09464370006944dbadc795f4ebedb0b833a1c36e72a0b7525bec4a615977141561977142f6ee9b1048d1115f75d8cf548c0a3d384b530d2d49242dc74a773ba567cec13b0be952a4b8f76369f9116a54d725a9e436eb61765b4a56e3bc91e8085ded71a9732b066cc95ec9726d6653551535c963e986c5ed6b15591d2c937f8d45b4743478ffb9c77fbf542884fbb76b5758fad8c779407de01feaeb886671443694a5ce71954c5a47322b486918e0a3e0b5caefea6fafc61e0fafbd53724546036fcb7e564bb090921251b04753b620ea5497999cb8b22a68616e76d296da95d992ad90923fded09ef7c86a1f057b66502cbb2bb74d43a43ee32db98b48cfadc83babafbbfdad25fa148994f94637686569ed490caeffa2783a021dea2f6b8f17a03a9bc5bed5a9c4261c194c370e7ac7254586d65084df1bdf6e9a71a832aab0aa1dbc40951d8aa294a92b52c2302b51f32a073f10df71aa7fb357263a273f2614f86e4a52c05a1a74dfa91905b36c87913a8fc42ccd9525f7384dd7309935d752e3e57112827251fa4bfb8ea5bb1a1c9acbf01a4393e448aa388756a55ce2ca46d7b0271ee01b01a911aa4dc9851989e8fcfaa15369992a86526e9e615ecacf14e448562af517d21e8f0a6c44b81cb3e894fb6f3041ee9e66565dfaf72e0799d45aad51cce42f854a5f72d6cd4879e4157db8dfedd527fe6c63feec6aaa8964da6f15a234adec79464b4c1ff00fd5a871aad54f62b93a396c4386e08cccb4a48f1909d88cac374937b6f6db89297179edb2c4b8688c232fde776245e5849579dc0173a8729a54b8afa2b48835461d9cb752ee4ac0e57242bc41415d7f7ea371056243d6a964ec74afb4a9884cdae8460c03de208baadd72f40352a9c274f663d5286b76332fc959760be909252951ef005255b79146d6be9e42e45565434766ed4db95570b4c29e714db6ab155d654a07e56d085539754990999498919c7aa0ac632d4da9e08001c8ec3c66e7748e83542a654eb1357d9d55361c5a66b8853c1b719e5959491990955b7f9ea974654b90ea1ae1d4488b1952d48ed6e971c4ab355c67884a3627e97c41d0a2d21f4d25d90975a299921f6933125b36c51671b0e03bece5fba7a8bea270dc7a3833cd4df888476d29c64a14f05b9ccebb942cdff006b5359a957ea86642991a3da2d4ddf78ae4b29e5a7bc00cd4ab5ff006b50667104e98d355098f30a82c55de2dc73882cdaca1d436e9f9b835163c89721e768746ecce21325692fcde6a9aef588b93c941fff005750a832242a476686db0e3ae9c8b964d8937eb7d50dee1be1b85016ec8792e2a2464a321ca3b1b6aa7c79238529f2ea91aacf76291262a54ae7738219dfaeca29d38e545ea84e90da1b5bb216659724952b70d16860de237b6c37007aebf12e55725608aa34872a1ce21e319c69d521b2e75bf31a5273ea4587537d15b0cfb29e0a258aabb29f4b4c9cb6cd48e6e68b5af9848ea08f3d7131e2984dc87171d531d53520ad2f475f3716c5fc2004a85be3a541afece2a5b8e34d894a7b96d9e89c8fea7269f4fa7cb906738dc6784388b7949654af78714027c190fb46a4cb873fd8f1587034ca2ab427f98f77412ab29c6884ef6e9e475499755a054db7d979e855277d91212c72d5b15870a71c33436abe5d35552109795c3f35f553703e4f361c0d8b7feb30b7c06b869f8b11d948a443763543b33456abbbcb529ec53b9efb7bdbebdf588a0710ca8429ea620ca34679496c0565ca4a50d65f4fc6aeb6b5cdb4ed2d5c2f5753d268701b6c374790b1908a84a92549459241b8373b6a770f2d78f6a8ca436e7d45fd157d8ab1fb354f44ae15a8c35bd21a935c5caa6bed23dca6e9466b484abbe12363b8bea6b5d8652e04ba876e892634675e4052959b8d3a967be06596fb6caeb71a6952a3cef6605a9c9bda19911d84fd4432971414b37b1bab21b6fe9a7688ed36b1ed214f729d25b834e53889cc9b781cc4a52158f8af74e46fbea5bd1785aa884b54f8c5e8b2e9cf33cd099095a9a4f3129ccd8741d6df1d76f6b85aa13d0dce69f2bf6249e7454a42538a7316002bbe4213cc3d355854aa6cc8c1cad171aedb09c60ad3c8645c25c4836b823ecd52aa2c526a321a14e94da97029cf48c5456c900f2926dd0fdda894decfc592a34290a7a1417b875c6d0dad596f9767413e357895e7aa5556a3459eb7a54b9b22533061b924c6cd2ca50957282b7c5bdfcaf7df506b0e50e6b8ccca52a1d5a1a632bb432398e9439cbb647670822d7f0edd74e46ca74a95322b709ea93d4a5c66a3474e5deef8014befacd875246c0694f5322ca4444d47b752a7c586a90185aaf9b6e21009eaa5efd085f5beb95548d2d300bcfc9a84d97114c192f3817dd6d0b00d815defd3ba06fa7e8ef52ab1ed134e5d3e6c7854f53889cd1eb8b9894a42ade2bdd391f3d4ca949a1d4a237ec969179d4e798efe6a388e62465f668c4a72d099b19f4c982a73c3cc4fd13e81492a4dff006b532952a2f1253d13cff84e96cd316b44838e27bc96d57ba40492dab70352f8ce570f4a43cf4b8288d09988a5c84c76df0a52d48402ab9fabe4103e234fd53f176af63c6887c23d93239dca14f4379f2f0ced96d7b691c6316833894cf96dca86e445b6fa985a9252e250a0146c5276ea428dba69aa65099aaaa4b48e5b3ca81323f34fd790eba6c9f8e38f9ec761a99c370b87ea2f7e6f05a8ee43a5487195e0d36951cc0501b83e2569c8c9e1faa1cb8b98901d14a7f95ca0e364af9b8616b03e7a8b0cf0f551259e22a8bce38e529f4b410a12f15730a3020e69b6fe7a8d4072915284b6b855d679f50a5becb6dc80b8aa40bad22fde6cf4f207532284d6290e4f690d54986692f3aa38df765d6d245ec48c937f2e8751f896acdd5e5436ea41c452e6487653ec37ca5243f8a8a957c95e0172058daf71a62b0ae15a84c6d875fbd498a1ca2eddcb94e5902a200ee59b4e22f736d442ae16ae77e8d2180114492a3976a7c8b808ba6e083deb6c754c8d25a521c6e9eca5c42c58a4840db536a6c52a54ba6554871fec0da96ec47c000ab14f7ac714aae9bd957f5d2d861157a94e94c88ddbead4e2d3515adf73eed09dae4d87795b7d93786a95c3f56718edf4d4c271aa63ee34a69b662a2fcc4a70db966fbf969c82387aaaa0be2e62407452df2cf2838d92be66385ac0f9ea3d0aa34d92a4d3726a1bdd8a4bf1a5316b20931c8216063b123707a837d556bdd8aab2598f4b7530c4c65e4baebead8f298db6c72ea9df216f5d57a7b1c3957c0bb46c42e8f210b5f2e538a5e285232558104d81d3b524f0e55b97f8d6cbb89a3c8e672c42282be5e19db2daf6d532a8be1bacf2ccbaa5c3746925690b5b18e4808c937c55d4796a96c56454853bd9e85446d14443aa82fef9058e517d17ee9bdc7522e36d45851e14b0c22acc4b5bef469086a236d290bc52b91df70a8a2dd4db3f41a96d31167b52e3d6a54fa63ecd2dd90dbbcd5b8b16c5241fd2916eb71a499fc2f554c897c454c94e7f821fe584e5154e12e61800315df7dadaa847325a6df658ed714bab09b38c90e27ecb800fc0ea98dc066c99b27daf3926f7b348463f2f79c9fdff0082893a2d326c84312dde6f6184e3ea45da205c36927553a1bf1e4437a64e90ec5edd196d292ae666da8a5402ad90074e8a9d26a51243ada1b79af65cb794c94937530a6bddaaf7eb650e87e1a7ea68137913e4045420ae2b72653b1123dd9521e4b8365959c1001b2fd7606052299519a4b0b6911954d94da5d512315385df76cd86dddc41bf4f2d334b9eccc930e470bc6a6bb361c65bbef1a0e25596209170b0413f1d76ae266dd0fa6538842dd84a8e5c6c1eeab056fd3fd5faacee1a5484b7db6396c3aa6f3093e46de7bf96a29acd4a9fd861be1f441a6c02d075c49ba4aaea360156361d481bfe1ebf82f7d5c9d6e756beb750d5b21f7e88c86dd75b2bf26df82dabe435d75707af4d5efaebadceb73ab5f5b9d6ead78c7dfaf18fbf5607f05aff00957bfe1b64356bead7d6c75b1d75d53aad164400e4069d472aa10b9c85665b390dc62461f1f16a4d5ead5244c9f29096cada6706da6d3721090493d4dc9f3dbd3f5c9b0385a03d22a13c08718329f0734e0564fd109049c8ec2daec70e8b2e30a3561c8b1e0b96713223c949ecd676ddf2879684ede9be870b3cbab4a931eb2be6cc14a3ca722760eeab308c377fedbedae1d2c54ea52a4d6e0b4c5496e414034d7d65a5174808ee84a39c3bdf4ada90aa93b51698ed494d4fb3d2d4b761a3b4d8963f37015eebd0bdb77b522a946a1540cbf65561c65f9548c5e2e2ea0da926c523bc5192c37d0dba6dae248b1deacd496ec594dc0351a5f264bc9e5ec02024156f7b1c524fa799a9bb03856798bdba8cfe313871e862ed48bbb8c63752884ee563afd9aa5d7b89f842ad3f87510a435d8dda1be4b7332462b5b18e44146412ab581f9e9c47f09fc1757a97328b870c36886e485c3f7af10d129bf29ec4b3df36f0f5db5291c55c1b51a9d71ce0d82c536a1169ee39caa8243b9283e062d90b2924dc6b8664d5f8619a94d6eaf0daa848ec7cc3c8ef732fb6cddfecdf53e54ae17c191598fece59e0d7a47bb0cb49496e527b8ca411e9b589d26993b829d9f1e4c99bed472ad4471975a492569e6bc09665a4a8271ea46c7cb5cb6786442a8488eff6a6cc3c1c71414e6190b5cedd2faa450ab8cd4442f64b497631a5f676a1e3151b2aec81e3b8eeb9d4db016d8d112d55950933696e408d0a99cc61f489014fadd7020e2538a7e90dbd6e75120469b5c6dc7ea45bada45193c9808ed884b659596acb1c92b24dd636b9b6a2d3e3bd3fdcbd2db6253d4e24ca5a2594b7cd08615dd2cd8dfdd8372acb6d335de1bf6c34e2386a4b719fa5d33b405c9e6b6a6d95f714129511f0e9d469ce12ac4b508d159f693ea4a5362dbada50dc7feaba1f37f440d23f84083c273dc83459b1e0b6b4deeb8ea0448525ab5dc17792721ff01ae2ea7408521d871692fbfc3914b366c499695738215d09051b0f2e79d553883d835d669fecfa5c75155116a529c6de716b0a8ebc54f349c93901d7cafae1e6a834534911b8a25ad898dd25f0c864c55fbeeceeaaec254a25213702fb8ebaa851a7d264c89478b56eba9f64adc2eb7ed0c8bbc81ba9053deb0ea3cf54ca8af85aa860c4e3176427b2505f6fdcaa1293926280a5b48ccdbe277f3d542b3c55c1558a94699446d3c34134978aa3bdef3989c6d761d27039aadb0ebb688fe15385aa35a92ae1688cd29d870dc901a9810ae70051fa370af03cc36d875db4fb552e11a82b8b5557a6ae3d7053dcc1094b51b9ea322d894f75e045f7bf4d37c3b0a2bce993578697392d9514239c9c97b74006f7d5578a6b7c1f524bd578b4d5c865da4b8f63ca99cb524b63c7dc682ca7cd2af8ea64683c16dbf3234c062a1ae137202c294b6b328657757846ea1d6df0d2f95c1c84d299a4c54454a382dea8b570e3a569472ac1a3b8fbf549e2897c36db4db9c5351e6bd1e98e3731283da3053ce5ce4c9dbc93d53be954d35093fee625c114c61cafd2119872d72ae831bf4b1f3d579e7f81ea33e648e1e8ed70fcd894d717c9960bdb8780b356250492469ea1d6e7becc71ce69cb443cb0d72472de6d5c9c72cf7fd21f3188b69a9d293508439fd91fe5c025616cc7fd300961d383af157d1b1084ee9cb521faa22a94e6e7f1229dabcca5528baeff00b9ec625b4142bb85e494df13d2db6fa6604b9751454db87485fb323d312a616b7167b473d581e577013e24ee0fa5b52555276a2d31da929a9f66a5a96ec34769b12c7e6e02bdd7a17b6ef6abf4f34aa8b93a5489ee34cbf04a243d9c95292ae5dba91bd80d4ae24852ea736246abf66869aa53d31df941e6021374e09d91294900dba5fadb5c2b4de1baa39ed38f256976ae631506d5d8dd497558f86e4f5f22a1f2d3d1617082282d354788c9935380ea9e8afa5e7b9aa8eedc64bbf7b3b9cb249f3d551de29e0aaad46aef5718728550891d766e284b76c5f1dd682485e69245efe77d49e3e93c233d30eb0fcaa7294412a4c74a008ea2cdb240cda51c8ffc3ea3aa95c3e9893a6704c8436ba6d3dc8ce07fdd7bb924937748cb13dddefb7a3d3385f812af4a86e88915d53b4f75942df5af048e5ab7c8643277a6e373aa8569aa2c89b446a153d554a734c2af514216fdd083f4f0b8596fe96c3cf7a9a38462d70460cc84466bd904a516652a6949f71b5d57fa6a3e442761a6f872a9c535c10975d71b45418a5a1c90f47ec21dee252d59403b90b84ed63e9a6615669f5413a5b3465b5c8a515213778897914a4a5070b640f4beda76a3c5f5096e497e6c8088f2a3a5be43697dc4a2c0241dd36373f0fd6d872a34e61f546783b18bcd05729c1d149bf43f1fd4e44f874e61a7e5a8194f36d00a78816191f3b0fe3cbe1b4e652015db720797ef3f7fe4bd51661b697e425297de4a3bce04df1b9f3b5cfdff0085872a34e61f546783b18bcd05729c1d149bf43f1fca1cd6d2ac5574e43a1f5fc2c4d930db5bb194551dc5a2ea689189c4f96c6dff002a6654f96d30d27ab8f2c2523ed3aed14e9acc86ef6cd970287eed29e93210da1b4e4b52d76091ea757075752adf3d371dd9084addbf290a56ebb6e6deba5f669087396b285e0abe2a1d41f8e96db0fa16a6958b812abe27d0fa7f15cf4d5e314768e4661f4db9b7b61fd2bf97e42e1225365e6d214b682c64907a123ec3a6a522ab18b6fbbca65c0fa6ce2ee4620f99b83b7c341d9929b692561214e2c00544d80fbffcb2a874d8a5e74cc8f64068affdf93b903cbd74a7624992a7aab3727cd1632d9699c5ab24628c95b9f88dfa9d4ca8cb8b5335095c1cd017617de7c15649b5bc5d0dbf68e9d42e44d404bea086432e168c6e56de58037f3be57db5191517ab7210e532249989702d450fa64232000170422e71ebddbea3d6a9511c912a9729b94c3284f7dc0365a3ed4156a0c1a537544cd7213d2de5c24aca55296acca4842773b9f11b5879e9759760541315daf652831156798830d201c40b919fefd4413dea9b2bbb46325d61d21439aacf99b63d3eb9161623f89872a251a62e2cfe360f5423a9955d82dcb25122d6f029bd89e9dd49d4b14e73884d530a8fb4990c39c86d032ecdd9f6b5fc16c2e4f7afa9a9a5f1071239d918a7188e2493ce5b9215cf36c6cac527a7402d7e9a728bcde22584f114a6a34b4174af901bbb591420ad692a3604103d4db4e56789a04b43cff0d53d2f3d2a329193c92ee6371e2df7f9ea553852641a4d2df9558a7b884775c7de6c04b49bed74a8be7fac9d391ea10eb8fc754ca4c86933a3beb285891efbbcb427a585ec0276db6df4d52e8516b86a111faa76c71511cc0a4a9459b288c57ddf0f5f2d4d3589d2df63b5fe62a9ad3a9584e232177805a865e647affca22e47063594d321a4f752852c365633284ac84ad78dec93d751f856b535e9f2a4d59516f2e9fd8e4c51d9cbc39addb137c4d8a7620ea556450d6f44533051129a9752141d764bec139db7f02754b628bc3aa6e70e247a9953a52a42085a931d4e0b3a4787c0acad7ebaa52c70bac335053287899e82e30b71d2d7e8c5c90143c471bf95f5ceaff0f32b9b22bd3614365a9582396c1372a558f4b5ba6e7d3548829e167da6aaac30e25e9d2131c82e28a4a139f756a4db71903e97fe3587a815d430ec87531e3455440be6baa3f589d801727e034da64cc65c8bedc34a5b018b124319f36f7fade5d2da7ea39b4b84d561da7f62e577bbac1739997adc74f4d0815c94d3fcfa3c7a836b699c397cccaedfc46db1fc0dd55ba4aa6add9cc466e3a1d08254eac206e7e7a5c9e22e07911196d53592b6e6a1dbc88de36c0b743e4af5f2f3d55e8b2786cd2ea70171184a55252f8e649f0a8586e13d4fc8e8d068742e548eded061c6e634f73d025b6cad07e8a1442feb1b79d8ea3478bc0ee2ea4fd6a4531707da09010eb4d9593ccb58a6c3526aa8e04908c387fdaf11beda925f652ac56361dd237b7afc353e452d83d9224ce433272da47bb42891e801563f67e54a9b436e3aa4b4c95a04a24236ebd37d50b8862992dc7768426d62745a736f042b16cf45ad361baced73f0d41152a9849a8109887967de936f41b751a6a470f55a2b17694234531f9cf4e95b60c84f926d7babcb4daa53b1d10d7c40ba4ae025ab9494c6e6f333fe90f95bf2c4389c2eba8da9526a0f94cb4b5cb699c73ea37d95a99da7839f6e7332e1310e176b41ed065eecdd5d11f1eb6b79ea5cd5500c45d21f982a115d98df7b909426dcc55929badd1bfa20ea96387387ed23f1817026401252532076553a9c5d524587437b7979ea1d6699c12f48ed146935190daa6a50586e3af17074ef79dadd75d9b883851da7b297db4bd2152d2b0da1d8eb7da51b0f3c0a48f236dcea0d7e4d34c354d8a87bb3297916c285c027e5fadaa8d5f87ce614a4aac1652a4a926e149526c5241f31a11954f9457db04a330d4dfed2a74270b97b3cfc3b5af6d3745a144f67b61f8a5db38e2f365978bbcbdd7ddb95afbdd465f0d4510e98bca1ce5cc65e76538b5990b494a9c528aaeb24123bd7d21d6682ea020b6a0da2a2f84952165685119f788513627d6da5b7d8e4b45750726a5c8f5079b5b4f382ce14292aba02ae6e91b6fa8efbb4e7f18e965223a67bc1a73946ede68cb17313f5affc6c69d298c9d86b2b8eac8f75452524dbcf6274ed4e553d45d7afccc64b894e453895581b0563b65d75edbf67fbfebbbaa28cb1c32c2f8e58ed7b5f4e1a3c4520ba129515bca5d929f0a4644d922fd3f03716b1179cdb325b90da7329b38dab241dbd08d3f0daa5b4875c5cb75b71e2e3894bb247bd514e62f7f4bede56d4ba9ceaa19afc990cba93ef6c82db4a6c7e91c714ad96aea7d2c361a6e70a13a56cbdcc632a8be52d1e6876c94e76039890ab74d22a6d52acf3752767a57cf5ed21c460b5f5f34ed6e9a61549a386fb3d3bb0337796bb47cb2c3bc4df7f33be9ae1de19a788b0d8cb96c85a956b9b9dd4493b9fca5c5909c90e20a562fd41d43852e94be5418822b296e5389bb02dee956577d3b0d957d042120002c00f2d3153adc3796fc641430e3339e64a41ebfa350d278918a7a84a49b8264aca73c30cf1271cf1db2b5ff2d722b34ee72dca7bd05679ab4dd876dcc46c7cf11bf5d4b854b65b8afcc3179921ce6b9fc9ff00476b38929207d24907e7aaa502b2bf687b65e5aa72c971370557005d6a56df5b22a277274dcf854c74bedcded61f7e7bce28bfcbe5664a966e7036d0a72285ee453a44108ed2efe81f564ea3c5e67cfa8f2d4da754a801d66a098e9969321cef86366be96d6f875f3be821090001600797f9d6be206e97db142432ca23f3b979171c4a077ac6de2d7b278a387954f7daaa087371961f4357614f2549281dfbdad8f5b9d44bf1646b4e692e30a0145382958a4a8dac8055b77adbe97c32ed7db135b242dac156c823329cad8e58ef8defaf6ad1aacd4e097a307520a9bc5a75c08e6f793ba45f7b7a5b6d37c40788d0633b214c3652cb8565c4eea4e01395c01bedb69da5bb5321b6e9ac4c4cc0d92dba875564045b7528edb7c7e7a8d5291c50d0665a56a6941b59b041c565400ba024ec72b5b546a6c0a5a662eb134b083da700801b53857d0dfba93b6a7506bfc10c5398a53087ea739cad254961a58510af06fe03a7389624f725b2ccc6633adb0c2838853846374a802058dfe3e57d541a4d453267408eb73b10c939a92df30b79e38e58ef6ebf0d55a832a8e232a9bc8525c1233e6a1d49524f418ec3a6ff009306809aece871cd224485882fe054b4baca45fec59d7f3df887feb1ff00faea2d10713d7e54a92ca9ec17c40cc701b0a09f13b605449d93e763a1c3ded9e294c55550d31352356463db033cd2de16bdadb65ebf7e9da6cbaf714229ecd41c80aaafb5538f69431ce5230b656c7e97ae9705fac71453de34f627c643d564af9b19ebe0bee8d8f7774f96bf9efc43ff0058ff00fd75c44ba9c89d53ec15e6a1d3da71ccde794ec78ca4b773b78dd3a94afe116846802316bdfaa507d95f30e206681b2afd411b5f48a4c5e236d4fadbcd29e52c03eef996bdad961be3e2f8693cae3167bf85aecb8365f855e1f0df6cba03b1d3acbfc5cd85339e69e439f4158aeddddede76e837e9a4499f3d2222a225fed49ba877d412d0006ea2bef5adf575039b504fb3e7c290fa6a1deee96969414146395f737f4c4df4603fc58cf342b1c52d2d57388580084ee483b0f3f2d26a2df11345855317504b98aac63a0d94be9e476b75f86912593743880a4922db1fc2aacc96799ef50db6df302325ad4122ea56c91bee4f41a6662386dd7d5d81e9d2d11e634b4b519b5e25c0b06ce7c00fdda449615743880a41f5074d30e52572338ce4859ed086fb8822e13978d7ded90349a2228af88ca9e60a67a942dda435cd28c3af4f3f5fcb85c3942e1e5d52a535b71d431da52ca1b69bb64b5acdedba923a79ea356b8c90ba2ae43eb63b34a199e626f70928be4081707cf535b1c4ed7f83da71d94796bb042158aca4dbbf63b1c6fa4418fc58c9756ef2d29e5383bd6bdb74ed71d3eb795f49e5718b3dfc2d765c1b2fc2af0f86fb65d01d8e9e62bd3790869486d2b0852cb8e94959404a413b23151f82b468b3aa4d351dc83164c39f99287c3c540741dd1b0dcedde1a7597f8b9b0a673cd3c873e82b15dbbbbdbcedd06fd34e85571bf722315d92a3b483666db77b23e9facab8664cb0cb6b92c3ae1533cc0a08712b29b5c75b5bedd519ee1b851696c526a4b96a8d161801f52995b7e56b1ef75dfa6a470fc2e334087548cdb158ce9b75b8943cb70728e7eecd978ef97aea571840afb4d25ce638a8f162a9b7645d9280d38a0e72d69bef728cbe3aa24ae2ce226d9914da6c265888dc01ee52dbcdbeb42ce7df55d01390b0f3b1d488f038c3948975e935090cae228b6b4bc8c796a09713963d41bdafd53aa7b0df16b47d9f4b871d3cc80ab2dc8ce294851c5d071216a045efd083a890a9fc450a2c96b9ea725b74e712b6dc7559171a525e0b491e8a52c1ea75c293e9d4f7e7a297525198a42db0b0854671acce4a4df75026df76b895e97585251c454d62294219dd8e567655efdedd5d36e9aac3f57e2c8ebaad55e82bed0cd38a186c4458536397cc24df7b9cbcf6e9a973e7f1e04a1f79d5b017014e2990e305a2d8f7a0048be42c07c6fae23aa4ea53b1e3484c36a1baea91eff9485a54a012a361d3ad8fe4d3aa35ea935118550e536975f559255ce8e6dfb8fddafe7b53bfb40d0a941fe13a8f11d7296f53a5768612fdd870824a3bc3058b6cadfaeb9b44fe1a6991e1b75235288cbcc0756dcce472722acc649fa58d86fe7a75ca87f0b54e7294f549ca9390020070ca5c7e4a8f332f06e556c7a9eba5546b1fc2bd32a0f374b8f4d88a6d21ae5c6672c6fde564a396e76f96bf9ed4efed035c54d52eb78a17c4ecbf4fa945b2f94f350e194ac7ad949e9f3d3bc4d5be298666487a2ae4f62a28690e725f4bbb8e61254ab58927cfe16d1e2b97c6614da6738fc765d86a5adb4ad92d16b2e658245ee2c9f9df468ff8d36bf0cc3a4733b0ff00c03a5ce6db3fa57b63e5ea751d9fc64bf218abb77ec5d7b72f2bf8fe87fdaf869341a7f15f26436984da64f21412b663a00e528256158a8f30eca1e3b6844571425cb536a510634fc7f95ac2f2f19f0dba79fc3509bfc65e6f63aeb152bf62b67cb89d9f0f1ed7f15fecb79ea87c38f7112bfc1329d321e4c5fe571dc733718232ee83dddf7f0f4fc8f66b7290cbadc969f61c719e6242db5850c93b6436b694dc2e2a434fcc8d2a35517d83b8e3521ce628369cbdddba0ebd750513a195fb388313df2938116f43bf41d7499b1ab0cb17a7b90dd44a85cf0942c839b7de1839b75d35391c42574f6aa26a0988e31770c82c726e5ccba7555add4fe5c3e22a056da833a230ec7576987cf66430e5b26d68c93e6907aea92da6bc870532b6fd471453c3695971a5230090ab2002ab8fbbe3a9efd4f8f43ab99025c40f2e0294e60f2c281512eef8dad60122de9a9b33f18b97daeb10e763d8ef8f2180d61e2def6bdfcb468ff8d36bf0cc3a4733b0ff00c03a5ce6db3fa57b63e5ea7486a2f147672aa8bd226a571d4a6e42169c1295252b4df04045b7b5d3b8f2d4ae1f571585769a241a7f3bb0787b3b8a5e76cfe95fa795b51d9fc64bf218abb77ec5d7b72f2bf8fe87fdaf86b86eacbadaad4284cb129911f69dc91ee5477ee62bbabcfaff009d2a9121d4a1084dd6b59b048f5d34ed3b8821484bce96d95332d0a0b581729163b9b6f6d2602e5b61f5a0ad0c958c9491d481e9b8fbff0002e7b350616c379731e4ba0a538f8ae7e1637d224c6792e36e2429b710ab8503d083fc7191324b6d363aadd5e23f7e8534ce67b414e418e60cedeb6ebaf66f6d6bb46197239833c7d6dd74b3066b4f72d78af94e0562af436fc853cf3810840ba94a3600683b3a5b6ca54b080a756120a89b01bf993fc499332421a6d3e271c5e207dba44a72b90d2db97e5b864a6cab75b1befab83a0d546ab1a3a942e94bcfa5248fb749828aac62fa85d2c87d391dafd3e5bff1294adc00acd9009f11b5ff00d40e9a624cb6db5bebc5842d6017156bd87aec3f5e546814e766a1b9d19e9b019175c98e8752a71b03cf61d3cf54b99c1dc0b58a2c4f6b204cab31117154e0115f170829f776b84732c2f9edd354cadc6a7d4575a8fc255368489114e61ded0de17b8f19426e2fd6da8f49a3d6b8b5be1e76a6da7b74b6dc6e401d95d2f02569b8467cb00916c89c74e532a6c7113315e66b3d95ba64270a9e9664ab9297404fe8cb676bf74faea874c61da9c3699a5d2930596e2bc5a57747684ba129c2fe47984622c47f1dcaa3d0c4e86c3417ca6df3cce7f3000ac024e764dffd227c86a456e7f0ecb92e9acae4bad3546e784c5ecd60b6e4637c81ee0403ebb6fa931e9f4296dd55ce227e63552545504886a845091cdb5bc564e17ea3464c7e1f934e8ed70e4189311222299e64c46799dc0ced7f179dff000468fc32fce69e76b10d0ebb4fbf310c97921c3b79637bf969e9b45aa710bee2645623244dc9684c76ff0093b9b8f11fa2b3e2e9f0d5778618a9d6e6c054ba6b4c7b690b0e36d1429c7b20a0080a08526e7ae43e1a108c4e26ec8fd4926421f8ef39d99689ed62b07961b4d9bc943018e3d4ab7d43e199156e226e2238b26b0b9c952c3a6106145b2a72dba72d82b4614fae57da9351e0d2e97a6e49ecf500ed9006c3038dae9f31b9d49e26e2f892a23f519a56c53a5a4a0c569294b61389f0dca54afeb7e5391a5a66167b54753bd861890b012ea557e59be436df63b791d419526873c4b8f1e6268ed37c32d2da9177938739bc4f254a094dfba9dafbf96a07b298a7a774fb41124afba36bf2f1f3ebd754da2aa8087fb74c0d4c9a626463c64a54b5f7eddccad87f5bd74972934b984aea0aed6993446c32d47118252b6a4589fa2948197af7479fe511c333ab2c36c70ccf908f659500e4b472cb28361b93bf77a9df5568cfd4ebeb8aa9749539294852a425a707e77c8dba8faa9f0f90d711cf8ae57a7fb1a4ce14e2e02997dec10d84e48365a501dbf76e399d2faa653eb2e71008f1f8a96a8f3d4cbe871a8ca82aef071d4e4139129c8efbf96a0f3a77123326370ad49d51610b42dd96dba3b3a57b6ea23cbaab536b94f5f1054c53dc86f221be85afb573e3292f2522dbe0e942b11e0b1e9a814cac541c952d98884ca92f2f2538e5bbc6ff003bff00951c81508adbec3c8297597901495a7d083d74b62834589090e2b2713123a5b0a3d2e71fd58d3eb34d625b0a20a9992c85a4db71b1d08146a6b11180490cc66421373d761fe77bd2a8f2e5b2f19d1101505dc1d214fa125293e44836d2286ec77d02b957e5513f1a66079719b4472b70b85a3bdd42c94e5aafd7604d8b0d11b838cb8ec211986de43cfb6a7127cefca5117dad87c6f028736353654779662bcfb01c414be98bcd375afbbd7a800d81f1796a7191c3b04555b4c55c7818389560eaca4a8051b481b774b6beff00a0d37c48d36c2df8d40a93afc6417d0d739879a4d94daec42b7dc1e9bd8eaab02870e9efaa1d42951a329c52b1576aeb9107cb50a87c434ca5a58953ea1014b865ccb9b17aafbdf44fa75f8f97f18dc486fbedc66294ecc78c69696547152475524e561f47cefa6eaae571d4b6baf984a84e9094263766cf323c8df7be9faa45aabab5a2b8f42453b6e5f25314ac2b1f5bef7f8ebb1caad3d39b7e87126ad6f281e5bce659016e836e9f8199f448b1dd90fd4e34542655f0f7ae845f6f9e9c9d5ea052de69b76a517186b70294fc4fa7dee883e9d475bf96ab5c2556553d1322bd063312692b558f681752c65d0a51757f574dd1295d8d0dc89edaa9f2a1a9e6c2822736c94294af1a5591048481d40cb5128b169b491537388e5d29e717cce47ba64b9cc1be5f669e98387e985f77854d629ccb4a70df1730536af5bf95ba7c7536bd1584269c26f2a9ae0eaea0213928ff005cac7f57f29f9523889ca5b485b65e94c22ee6398ba11fb4af08f9ea2cd9f5f7b950e1cb972186eb6d3330b1cd4f2f2eeab3525171e42e7adfac028a4d42489b884ae3c6cf957b6ee7d5eba4c0a44c950d7cb0fb92d98cb55fbe121ac802137dc9bf926df4b4dca935579da7cda918d0998b554e2d911b2b38c6171d147c408246df97d9386e0d3dd0d506654e419b9f858c3ba9c7cce5a9d1a7d229a27266d35984a438be4204c174972fbf73cc8b5fe1aaa546a2aa730e70fc99a990a65c73b3b85bc1b6f2b052aca538b3602feeedaa5c08888d12a11f8a5c82ea4f31b61f4f635383988b956d7f0dfaa474d42abd268b4b4b8ae1d9d539a890a7081d99c0852516f5dfae9e7f8b6934f44188f47edaf4452eedb72232dd6bc5e61690827cf21b0d40a9f10456d89b22221d90cb20e2da942f8efe9fadf65a9c0664359a57cb7da0b4e40dc1b1f3077d7b3388a8f1a747cb2e4ca642d37f5b1d256386a05d308c34fe689fe4e7ab3d3c1fb3d3499d0b82a94dbc809c1e4c06f24e29c458dbd36d49a5c6e08a5223cc20ca61301012edba5c5b7b797a69102370b53d0ca23ad84349868b0697e3474f0abcc79ebb1d3384698c35cc43850d414005683742ba7549e87cb48971e870d0eb6f38eb6e22324292e39fa45836eaaf33e7fc637ed7a4c795c9564d768642b13f0be9750974186ebeeb7cb71d72324a949f43ea35ed845223097861da43033c7d2fa70522951e2f35593bd9d908c8fc6df812cd460b2fa50e25c425e6c282569374ab7f3077be9e83ec98cc17b9d690c456f3429d167162e9232579edbf9df4fbd4e4f35d7de4399ad869b0d94a0a06096d294a7652bcae723a33dae09a487d4f734bdecf6f2cee1595edd6e01f98d0948a1c30e264aa425c119370ea862a72f6f111b13d74dae9943871cb31f90d16232518357bf2c586c9bef6e9a45328d4e622466efcb8f19908426e6fb01b0dff0028c0acd363cb6146ea664b21693f61d31195c1f4ce5c6595c76fb0b78b6a3d4816dbf02a15461b4fb2bf1b4f3614957d874788d1438827a93654d11d3cd23a78bafe5972a5488d214a8eb614a7d84aaed2fc4deff44d85c7436d4aa47646a28981a121d8f11a25c0df812a0b490a03a588dbcada97406203725a9eb519dda186ecf5fe8e29484848bec902c34dfb278529b1b94e731a2c4242715e38642c3ae3b5fd35d993c354f0d88ee31cbec68b72966eb6ed6f0a8f51d0e9f8d2b86e038dc90d892db90d043a1bf0642dbe3e5e9fe762f8864c3e7fbf6d94239a1b4e4b50482a59d909df751d2aafc611052ad2fb3b3cb7fb52251c720595363de6d7f2dac75ed58756667bae4643f1a330b3ef10a5e23bd6211e7d7d2da91c3d29e6d97d15230a3242ca8bcb0c878fd1eef749fbb480f717b29cc020a9a700b152920938ec32491be8d57876a024301d534a5605252b4f5490a0083fc75728edd0ea48550d9696ee710e6fe7ccfd1a3aabf47d7cefa6ab14fe129cf0ec72e6cb64b8842e3458ef9654b37eaab8f07cf54c6a914772a72eaea57618cdba1bc9296cb8a5152ba7747de46a34ca750a53b4f5330973e6e694f64ed4ac5a053d55bf8add3e3f83dafc43504c68fcc4b7cd5027bca36036f8e8b7178ba3dd2c38eab9885a314b7e3be40588f34f5d4ca870e547b6aa106f98c250a42b373f468ef0162a3febd2fb1d51b96eb32db69f6c6480949792d2d614536584156f8e99ae2f8951d9a4485b0d2b92e5cba9175231c6e15b74b6a54d87c54cb8d438a99321696d7dd689b67d3717d8dba79ea543812c3ae4274372824781652176bff4540fdbf94f55a6df06537c502ea51e8123d493603e2751aaec70c4970b94f7e74b612f22f1a3b4e60a55cf88dfc869125855d0e202907d41d42a5082d3ef4d6dc5a79d506a3818940eae75273e9f03a7782d8a6b5930bc1d75551682efca0b366af9a877ad71f1f4fcb6d8e28ada62a9e694e3614dad574a480a3dd07a5c6a656d8e276551a038944a7315774abc1616bab2f2b5efe5a15483586dd8885bc25c9dd223869192c9b8f22a427e6bd53e6c597cf8b2ea2a8721ec1685465868b9bb6539126c36b7d21a895199c52ca589d18bf15c4b6b505b60d8ab61e57dfd348a752f895975e71e2da138285d411ccea474c0120f4206da62b74793ce8b25bcd87712334faeff00adae9d49acf617cad2a4baa8c1e42ac7c0b41f124f43d34389a97c4702355d153ed6da63d230828bb059524321cbee0df2cbaea570fd278e50dc7aa30c8ab29fa5e6a71c6de53d937df1802567bbbe97c5143e296a3ccf6ffb459e7c0e62100c611d4d9198cb6defb6a5515ce30e6994dc24978d3ed6e44b548e99fd2cb1f875dfa6aa87b7f3fda5587a77e8b1e5e78f73a9bf4ebfc755b8bbb7e7ed48d15aecfcab72f93ccdef7defccf4f2d0a7d2b8c52ca9e853a0d41d5d3f2e6c69320bc42467dd58b9196ff2d429f48e2d663c8a4c851a47329d9a59654c7294da8058cfeb65b7cb4c52a99c4d85316cc04d523b91325c831179a0a55977323d763d3f046a7f6eecfd9ea71a5e5cacf2e538178f51d6d6bea4b6dd61c7d7db2a93111d98e94a9c54ae88054bb774faf8bf67555e21e380967b64e84ee1c86d1ce0c346ddd438e63dfc0f88df03d2e34cd76a9c7a1f5312b30574f529c711da9b7c0528bbe5861b002de5eacd6bdbd972b892555b95d97af3992df2ef9795ef979fa6a3c1a8567b630df0bae8cf37d970e6a54e6457e236f4b7efd0a2bf5755424adf5bd2e72dac0bcb3b5ed736b24253d7e8fe57b3a7b8fa121d4b895c67d4dac2926e085277d374aa5f17ad2a553e4409cebf18b9cc8ef3999c467dc50fb46e76d4144e8657ece20c4f7ca4e045bd0efd075d18d0ab91e2b0fc35c59687a9a979450a23bc855c14abef1e76b8d44a9bf5e697060ca32234714f4a5ecf93cab29d07bc9f3e973e676fcb7a67b63b3f3787a6d2f1ecf9dbb461ef3c43a63d3cefd46a5d528731c953552694f4469b8e8f76b89b6442dc48583d6d74fdbae21557ab0ba6d46b1264aa23acb690b8dcc582a5d90b2065823ba1570078afa8f5691c4acb8a66b66a4a69980a4a4a8c62c940c9d51fdab9b9ff005e9147fc68be1c3d50a5f33b0fff0089733e65b3fa3d2de7ea35504b1c56a8d225083d964a21dcc6547694d13e2ef668528795afe7a8f4880de0c45612d328f44a4587f9d6f566b73db8d163a3279f75564a469e7786eac991d9d412fa305216ddf7174a8022ff00bf4ff0fb32c19919943afb389eea177c4ffd93f769ba3add3da1d694eb68e59b14a48077e9e63f5065be22adb314bf7e5870f503a9f80dc6fd351b87dea9b4264c6d4e468f7ef2d23a9d1e17f6db1dbc0de365bf872b7a5f1dedd6dbe9dfc5eacb32b904737947a5fa1f91f23d0fe43b3e6ba1b699415b8b3e4069132af2c32db8fb6ca14524dd6b504a46dea48fe25553ac4c4b0c2080a5abd49b01f137d45a9c8e236031342fb2ac5ce789b2ba0f22741693b11b6994f10d59118c8cb921409cb1b5fa7cc7dfafc5a6eb4c99d6bf67befe1cadf3c77b75b7f12cb0fba12b90bc194fd638957fa92750e0cf961b767bc5a888293ef1612556fb927f5e11a871d0fc98b3e34b4447178a64f29d4acb649e97b68493fc13a23475be107390d198ab34bb2d603a1b290a500322ac7738e92e5428efbaaf64d199a8c6ededf32625875c3219cb3faa475363eba53140e157e9ac9e1fa9b11e13f564baa696e3cda9a45efddb849d85d28e996aab366f0a4a84d542a9465a233b3dacf92c9f7e7b8beeedf1b9d53eaecd25c65866ad554bcaedd9010557ecc9b667bbe76f2f3fe398a7d0f83553234a8cb66ab3a33ac2247209dd8417542c15e67fdbd20719d369b166b4ca9e57664d90eb4d7270431929cc4fa0236b9513d75228fec82cb0f7103d541552fa314a1710b41bb5f2cb236e96b0d0a9d7686aa788bc3d0e961b53c857396d679383027bbb8b5f7fc11a934c8ca77fc310dc90943dcb3c94bc92e1bdc7d1bf4df52aab426d74ee53b594ae52aa6006e0aafd9d3e3eea7d3ea93736d5763f0e519c8b4a76a14c1c93390fa59436d9756324ad493750482013fa5dede5da9ee1179861f9dfe12c2a08c5c02734e0585178b8bf76146fb11d001a87419f4670d1a3f164d7b91dbb64c1530a0dfd3be399f0f5f868d26b315e8ded0e0d316a2faa7f3089e1dee1d94774a6d6236b0b6a4d638e98e4d5ea934bf2d8e685f2825296d09ba76f0a01feb7e52974fa1fb41c4b8821843894ac0cb75a0af6cd3e21f11a8adc4e1ca90a8259989812a25650d2e329c7f3419162039d0151048dbc3e7a83d938893154c9067011039da3a5c0bf87cfefd35338728f51725880eb30e740ab063b3baa5248e6276c91dd07a9f0db1f3d351e752f2651c46baab9554ba8c149545e5e18df2cb23e96b0fcb2fc1a6adf433c333db8b8ca0dda6ab9658fa43cc1dcec2daac2a532a6694fcda43afb0e55129ed80584a466a5f754a36b951197aeb89a4f0ed056b68499e9a3c576a170e7314d8c03885fd04b58dc2addf202b50e9bc43c34fa2948e2654beceeca69384654328f0b6e1c7de6c5209ebe7b9d41a7d5a92f3afc1e15a930c05545374cb2e83185f3dfba363d05b7d4dadf06d2d7db22b90dfa732e541367dc5465352ae54bd8dd41449ea51b5f503871a73310a221a2e1fa640dd5f69dff00cab8348091e891fab62b4dc1ea0eb1424003a01fe77c4934b9cec77155c82da96d2ec4a15210149f911a1c45268105d85317506e04569d57686951ae2ef7958e3bd8776e3aeabecd6eaad38ec6acd0994a69b29c0c243aa1963bdc5c1dc79e857aa3c3f4e7a1c876a2c446d85b81cce32ca42957db136dedf3f86a7b1c4b494469106486c2db6d484ba9280abe0a25493bdac7e7e7fc7f1f93c47cf553a9509da694c6094c50e97ae6dbdc81bdcf5c7559e1389c5352974ba130f4b44b4551a69f500d46511cc5215cdc398ab22dbe5bf4d70dd0a9bc50f408b5279eedf2a338943a8c22a9d4209fa1736247c34cf124de2290cca831a87c8828c5289dda5dc5d52936ef643d3a5b6fc0ccfa2458eec87ea71a2a132af87bd7422fb7cf4e4eaf50296f34dbb528b8c35b814a7e27d3ef7441f4ea3adfcb55ae12ab2a9e89915e8319893495aac7b40ba9632e8528babfaba6e894aec686e44f6d54f950d4f36141139b64a14a578d2ac8824240ea065a89458b4da48a9b9c472e94f38be6723dd325ce60df2fb34f4c1c3f4c2fbbc2a6b14e65a5386f8b9829b57adfcadd3e3a9b5e8ac2134e137954d7075750109c947fae563fabf94ecc8798756a4b4db888ea779591b73314824e237b7c34cbbf8dd3595c1e1b9d39320f75526436fd901590ef8c6db7ed6a9cb93459cf3938202fb1c6cc324db75fd51bfeed370604992d448d467e7be624d430b5142d23aa92acac3e879df7d3350f6f49c5ee255d3fd98bb0476610f98158dbc5977aff001b7e5f64e1b834f74354199539066e7e1630eea71f3396a7469f48a689c99b4d661290e2f9081305d25cbefdcf322d7f86aa951a8aa9cc39c3f266a6429971cecee16f06dbcac14ab294e2cd80bfbbb6a9702222344a847e29720ba93cc6d87d3d8d4e0e622e55b5fc37ea91d350aaf49a2d2d2e2b876754e6a2429c2076670214945bd77eba79fe2da4d3d10623d1fb6bd114bbb6dc88cb75af17985a4209f3c86c3502a7c4115b626c888876432c838b6a50be3bfa7eb623d4a0332109712e250fb41402926e956fe60ea55591c294e1266a14898ff63464f24f50a36defe7eba30a99c214c61a53885a9b6a0b601520dd0a3b7507707cb49617c3700a105d2841868b27997e6797d2b9cbd6fbebd9bc3b468d058cb2e4c5642137f5dbf8f92fb94a8ca5cc68372d6584ddf40bd92bfac373b1f53a6299f8914aecf19d2ec763b0378b6b3d5405bae9e8d55e17a7c86e4be1e9087a1a141c700b05ab6dd56dafa8b5591c37057260a0261485454e6c01d024dbbbf812cd460b2fa50e25c425e6c282569374ab7f3077be9e85ec98cc1779defd88ade6853a2ce2c5d2464af3b8dfcefa7dea5b65c71f750e64e32d2036528281825a42529d94af2b9c8e8cf6b826921f53dcd2f7b3dbcb3b85657b75b807e6342522870c38992a90970464dc3aa18a9cbdbc446c4f5d36ba650e1c72cc7e434588c9460d5efcb161b26fbdba6914ca353988919bbf2e3c6642109b9bec06c37fcb8f16570cc071a88b2b8adaa2231689372522db6ff81af6e5162cce42f267b4b095e07e17d7e308a2c5ede518999c84f36de9975fcb2e54a911a42951d6c294fb0955da5f89bdfe89b0b8e86da93485436e2a6672849723456aee06fc09566850501d371b796a5d06353d12199eb52a6f6961bf7a0fd1294a427117d9205869bf64f0a5363729ce634588484e2bc70c85875c76bfa6bb32786a9e1b11dc6397d8d16e52cdd6ddade151ea3a1d3f1a570dc071b921b125b721a087437e0c85b7c7cbd3fcec8f53811da716ed522c621dbdb175d4a09dbcf7d1ec746abbce2a7ae1c665b83de92ea33cc37bd8e21b249bd85c79edaed2c44aa3ac25869e9121a85dc8e95b8a6fde6fddb2d2411febfd453328ac40752a296d0cc852f98ebaa364a536db5f8bcf221b696e418ce0529ccd6e06f256271c7aed8937b0be9d5bf4d6bd9ad545c839859e6f352cf332b74c76235d86b101865c729ccce8fc8593ee9cbf74dfe90b7e04d62aac4871b5496984a22b59acad6ac53b7cce94ba8c3aa41421327372642c521c63f4ad6c4dd63eef8df5526e9b489b1e7d3cc76d512a71f9679afecd03bfa917f9e954aa751e6898dcb693cb990c8e732642195a909072bf7bbb702ff1d4796dd1eace3d22a2f4010110fdfa243692a520a72f41eba95558f4faa86a352bda575c2b73a3e58a968df7c4f5f96d7d4e6694a52d34f921875eb7714be5a57dd3e7b2c7e5392a8915975f494ff295d9084dfbcb36dcd85cd875d3551a750e12dc6a952aa33727d582d965dc3dded7055b9ef74d469322734cf6c4a4c74bce0495dfc87a9df51e8d0d3102d711729e7a6f370080a09b7bb4a88bdcf78ec2da4c44d3237b31758552d2f25e25de70639b9fa61b14feff00cb445aa53ea1214a84ecb3d8a367832de39a95b8b0195f53279875242a1bf1da111c8767a429ff00d0f2d37df3f2bdbe36d2a6536973f188f4a4cf8ee433cf4f2129cc2509bdd59b8da7efd539da0d165bc1dad2e04f86a8f94842830a740404ab127c3e76ebd350eaedc0aa486a6539d9a3b3c3b96996958b8562fddc7fd9a4d35c8d5088a5bc1bce645e5a45d953c851df60a42556f3db7b6a27114161e6d89ac25e652fa6cbc4ee2e3e5fadb54ca93cf210d4c664a4b0a00e4dac2d3d41dae35121d2eb75087229f5191361541a5365d6d6f15970779052527322c47a6a750989b500d5421331e4acbc92a3cb756ee77c7c4a5ad44f97a01fa8c29d25c72f01f2f34da48c54ac0a77f96474e5451589ec0724193c861c484a241461cd174def6fb34aa93f2e4b8d29e2faa12d49e5178b7cb2e74bdf1f8db4b7999f264acc76e3b6a92a49e5b28be2816036dfe7f818835175e4263ce62520b2a00e6d2c2d237076b8d488ec3b21d78bf5092cb6fc9084176578ae4209001f0fa79e5a9f5fe33abaa43f2a5c67529ed21d2ae4b4a40cc86db1d5570027e82773be9aa9aab9555162517996f2640179087ec4f2f2577d03726f6dafd34dd6112e6731aadbf54482e26dcd75ae5a8787c363b79fc751db8ef4a7d11e86693cb92b490b60af3395923bdff9b69be1aa33d21d69b5a965e96b0a71c528deea200f97c80fca301154950d79a56dc986bb2d0a49b8eb7047c0ec7498c9ad5490b5b6fb73a421c467310f2f3712beedb757d5b69812e951ddeca418dcd642b95fd1bf4e9a125ea9cc88b311c88faa1ad239d1d76c9b5640edb796fa457224c94969b93da5ba7669e425fe572b99d32be3f1b7e5b92ea5264a14ed1a4d355c85a47ba7f1c8ee0f7bba2de5f0d4c7b871f78cf7dd80e34b7a586f92a8bb2168506d5655bd4107e1aae52b8ceaef3922bcf3a5e5b120294ca56abecac120a8d9397771d80b5b4c54dbabcf79e66a7dbfde725292ef2393e1436004e3e43cfeed269299f50e5a68d32997e6a2fca92bcd67c1e207a797c0eaa10264da827da098816e34f242daece9c125071dae9241ebd7cb4dc48ad0436d2021b40fa20741fe75bd59adcf6e3458e8c9e7dd559291a79de1bab264767504be8c1485b77dc5d2a008bfeffd42270cf0ccca7c6e753de94ebd3a12dff02db4e2025d45bf49fbb5fcece1efff006f3fff008bd7b5788bf841e19891f9894731de1f7f751e83f95ebf13d1fc2670b9a95c8ecbf8befdee13914dfb55b2c77b75b68f097fe93385bda291bc5f603f7f0e56fe576be3bdbadb7d3c7867f849e1799d9c8e6f2b87dfdafd0ff2be86c6c7a1b6bf9d9c3dff00ede7ff00f17aabd3b889f88ebf4caa08c1e85194d256931d977c2a5af7f7a475f2fc0ecf9ae86da65056e2cf901a44cabcb0cb6e3edb285149375ad41291b7a923f89554eb1312c30820296af526c07c4df516a4f713464b136fd9dc2af158d95f2b1d8dfa7e0653c43564463232e4850272c6d7e9f31f7ebf15d3586ccfdbf360937f067e9f577fe25961f742572178329fac712aff00524ea1c19f2c36ecf78b5110527de2c24aadf724febc2350e3a1f93167c696888e2f14c9e53a9596c93d2f6d47af553f82c52296ccc476ca5a253226cf6c34e005642f02842d4921055ea75c3fc2bc41c3d2ead353c2f50fcc59a900a6897d3c9bad4b015cbc902f7f2b8bdb450a8125fa9d37896189f5eede396da1b8ccf686ca4aaeacfe09ef5f7b63aaeb6e449867c8a74e69d7fb43496e7adc72ed58f32e6c3a150463d351e8f05a521b693d16e959c89c94493b924927f8c81ffe5e97ff007f1bf067c32ec37d2cc6c5a8121bef734b89bb89566948388b6fe455f5b502b103f83eccd2a53afad71a63088b3829829cc2544292f951c6e7600753a9344f629623bfc48fd5c55cc8460943908b41ab0396599b74b5875d0aaf10d0154d4c4e1983494b4a790be7b8ce79383027bbb8b5f7fc1c4749a64653bffdb880e494a1ee59e4a63412e1bdc7d1bf4df52aab426d74ee53b594ae52aa6006e0aafd9d3e3eea7d3ea93736d5763f0e519c8b4a76a14c1c93390fa59436d9756324ad493750482013fa5dede5da9ee1179861f9dfe12c2a08c5c02734e0585178b8bf76146fb11d001a87419f4670d1a3f164d7b91dbb64c1530a0dfd3be399f0f5f868d26b315e8ded0e0d316a2faa7f3089e1dee1d94774a6d6236b0b6a4d638e98e4d5ea934bf2d8e685f2825296d09ba76f0a01feb7e52974fa1fb41c4b8821843894ac0cb75a0af6cd3e21f11a5368e1a5c854fa2cfa7a5a5496b991f9cfe6871e37b28dbc4537dc6a9d1a99c442308a1225031039da122db6fe1e877f8e9a99c3947a8b92c40759873a055831d9dd529247313b648ee83d4f86d8f9e9b9acd36730954e2f5526fb542a24a6fb3e1b33b597904fd1db1f11fcb2fc1a6adf433c333db8b8ca0dda6ab9658fa43cc1dcec2daac2a532a6694fcda43afb0e55129ed80584a466a5f754a36b951197aeb89a4f0ed056b68499e9a3c576a170e7314d8c03885fd04b58dc2addf202b50e9bc43c34fa2948e2654beceeca69384654328f0b6e1c7de6c5209ebe7b9d41a7d5a92f3afc1e15a930c05545374cb2e83185f3dfba363d05b7d4dadf06d2d7db22b90dfa732e541367dc5465352ae54bd8dd41449ea51b5f503871a73310a221a2e1fa640dd5f69dff005dbff1edbb5fa231294c821a53a9f083d7fd5afe6843ff00435fcd087fe86bf9a10ffd0d7f3421ff00a1afe6843ff435fcd087fe869c89c3f4b6a2b6f3dcd750d0d94bc426ff007247ddf8361ff20decc0fa9bed55584c95a0ee029f48ff006e9dfe11664b798759e167e30f71cdc171d1192e2b02a483ef96ef98e9a440a9719c38b1ff00189515ee225b4cad2d33d979a8071f77de57772e9febd4ce271c4ec27d994d8b29c67d9a8b482b94f3653ea918a07c7f7ea5d093321b6c31537638a5bc139f674b1987ec3de9df7bf86db75d2e1d72b51ea2eb555a4af3619656ca7992824e2b6cedd3c0b485a7e3a447a7f10b1ed56175915063b3a0a9ae495f23216eeec07cf5ecea8716b32e3c6e268101d6fd9a8473912580e1dc74c6fb7efbff00191df93508a3b3c1796cc095ce1da959236496ca7bdb5ba9f174f3d0906beb88f44739d515cb966f6e55bb2a11e691d49f5d3ee53263aaac9acba1a64387f91765ba7bbd31cac7e7a5a69731c7a39a2c454e2a74aed30e59defd15ebf8233fc3b3931a4c8ac438bce5b21612971e4a0ec7e7a7661ad355328935886860d3929de2785e38f9fa8e961f6eab5c28be3362b6c193022c29f1584b7cc43a852e47836b8425cff4748e1f6b899b723bf546cb095c56d0a8ae375065091825454058f45aae7af76fa87c2edf1536dc93c593696ed4bd9ed92b69a614e24e1d02b4528e2065e9b3f834d52025301090d484bb8047ed0579dfcced6d49e2f91dd852e6914a670b62ca52949f9ddc0e7e54899c4b224a6221c68b8dc573053ddf166efe414763d36bea9f29ce2da6cb4c78d35e8b4d71f92b43aa53a8223b6ea149c9491640b93d7c36df503d9bc30a9097f11241949418a9db73978bcfa7a6bb3c3a7ceec4d36979d950d49039bcc484a15de071ea76bdce3f1d214ec9908abab895c4b911c78dd34eec774dd17b6195b7fadf966370bd7510911f8667d49cca221de6298e5e29ef74be4755662a1c40c12d4aa4ff00850c14a53019962ee2ca7a108f2cbd77beab75d91c4c9983871f9ab66a11608208b25b61780202ee0be7adbcfa6a914f5f1535da62f1738c46a934db4e7bb3016bbd91dc5f5363d3e7a835285c42cc57d1c2b52a8cb52602141f7233a12363e1bf9fcf536b15cab227c1a5b90dc9a86e0a507972a328802dbd92f60079d95bea07e3448e6d44c4419aa0809f7a4778587a1dbf5cc542e34d469e642030e66d2a24b719524dadd5047dda6285448bc98b1918b2de44dbed3b9f9eb9b80cad6cadbe8f2db09b9b9b0eba2528032eb61d7f8d19241b74bfe0cb1dfd75dd4dbf0bb4d9a145a7d050e60e2906df052771f669f7292c3bcd94b4aa43f264ade7178a714f79649d86da38a40b9b9b0fe2864806c6e2e3a7e1cf117b75fe2154ca8f3b96a20dd890b69408371de41074ba7d1e294a1d794ebea75d538b756af1294a51249d6291603a0ff3ba7712cffd1418ab7943d7117b7dbd34c7e39f0e494d6cd4dd82f53696c6679a96f9a2c14abd8b76d224a29d57c5e699762de06f212e39ca0502fbd97b7faafa6e97d82a70d4e7694f32744c109718fd2b64dfc491bfa7c74990ed3eacdf39b65d8685c1ef4a65c7036975b17dd3911f1dc6daa69a7c67d8122b0fc09b1a6443ce696d32b70a6c93d761eba994da7c39b1a4c2436b7989cc842b15df13604dba1d8d88f4fe2e9d0388a8b167329a1ca5a5a96c25c48573a38bd8f9ee7efd7f8baa27fd56d7f7683d48fe09e813261f78b69ca73612d319252a71561eaa4a47a93f03a14f3fc1170dfb255c42aa2a5eec08e7f680c7373b636c3aa7d7cfe1a90ecafe083873d8ac565da51753011da39edc72f15db1c71d8a7d7cf5ecae23fe09386a33af51a3556276480850e43d90c15927c49c7cb637d7f8baa27fd56d7f76b8956dd20b3091c52c478f1299146ca761c3b5902df495fbf4a5d461d520a109939b93216290e31fa56b626eb1f77c6faa9374da44d8f3e9e63b6a89538fcb3cd7f6681dfd48bfcf4aa553a8f344c6e5b49e5cc86473993210cad4848395fbdddb817f8ea3cb6e8f5671e91517a0080887efd121b4952905397a0f5d4aaac7a7d54351a95ed2bae15b9d1f2c54b46fbe27afcb6bea7334a52969a7c90c3af5bb8a5f2d2bee9f3d963f294f70fc165f939a120487706d092a192d5f048b9dbd35065883058e7092644c75121c8f8b6ea5b4b892da490855c9bab6dbae98edd518edaa4583393c0730fecdfae83b4b808952bc6b6d6ab25b672092b3f6a801f13f03af67fb2d8f661ad2e941de61e77392c7372b74c7629f5f3fcb445aa53ea1214a84ecb3d8a367832de39a95b8b0195f53279875242a1bf1da111c8767a429ff00d0f2d37df3f2bdbe36d2a6536973f188f4a4cf8ee433cf4f2129cc2509bdd59b8da7efd539da0d165bc1dad2e04f86a8f94842830a740404ab127c3e76ebd350eaedc0aa486a6539d9a3b3c3b96996958b8562fddc7fd9a4d35c8d5088a5bc1bce645e5a45d953c851df60a42556f3db7b6a27114161e6d89ac25e652fa6cbc4ee2e3e5fadfe2f569c7bb22df6dc7db65407382161582ae3c248dffd7a6789e84dc88459783a9851d69e4661b71bcac537f0b87cfc86a9684d46a3fe088cc311aeea3bc96a407d39773ae43e1b7dfa6e729f96e72e74f95ca71c4e2a54bbf3527bbe1df6ff006ea32e6f10d5a5f604476a9dcf75bfcd9965d4ba968591b8c909b93736037d29f5cd9d7555e4544e2f247bd7992ca8787c389dbcefe7a725d36ad3642dd86d4557680d0484377c766d09dfbdd7cfe7fc5c1e206387a74e8e9a4c88ebec2849295a9c6542f9287920ebfc5e710ff6767ff8ba2df127f04f5e53dcb0da2637158e73690acac92567ff00274ba841e19e3484d19064b30e1a22a5b62496793cf45c93961f1b5f7b6955995c19c5ceb0b92a94ba6b8dc7e42a4a99e4a9ef165728f8dafbdb4e498dc25c5d35c54466232b9cd472598cd5f06938a86c323b9dcebfc5e710ff006767ff008baacbf5fa65429cdbbc531ea111b74252e2b931e2dafe218e6d11a911997643af2a45424b2dbf242105d95e2b94a09001f0fa79e5a9f5ee32ad194fca9719d48ed21d2ae4b4a40ccf29b1d5570027e82773be9aa9aab9555162517996f2640179087ec4f2f2577d03726f6dafd34dd6112e6731aadbf54482e26dcd75ae5a8787c363b79fc751db8ef4a7d11e86693cb92b490b60af3395923bdff9b69be1aa33d21d69b5a965e96b0a71c528deea200f97c80fca7b87674e931d97f1e62e22805100dedde0458f9eda451e471bd7391c85b1211cf6ecfb2afa0521bc47a5c006c48bea3b726951dd112dd979ac8572adf56fd3a0d16ebf4e05dc02112900735b4e57b0241ffc9d26bb165ca434dc9325ba705279097f95cae674cbc3e57b7e5b92ea5264a14ed1a4d355c85a47ba7f1c8ee0f7bba2de5f0d4b778764bbdbdf7602da71f961be4aa2ec85a086d5655bd52a07e1aaed278cab2f3afd79e74bce479191692b55f65609ba8d93977427602d6d31536eaf3de799a9f6ff0079c94a4bbc8e4f850d80138f90f3fbb49a4a67d43969a34ca65f9a8bf2a4af359f07881e9e5f03aa8409936a09f6826205b8d3c90b6bb3a704941c76ba4907af5f2d37122b410db48086d03e881d07f9d7ed8aaa5d2d768699f729b9c9c58427f7ab550e1a9b514457e9a8654f2e53896d0ae6256a189277b04289d26a12ea4cc242e5391dbedafa119ad0b292077b7e9f3d76dad556343672c79b29f4b69bfa5cea3c37eb5110ecb1788d2a4a429efe88bf7becd395f9f31319a438fa12dbeea02dd534485040cbbc7bbb0d45adc30a0ccc8c87da0b1be2a4dc5feffe3511aa8dca71663ae43822462e72584d829d5dba245f49e1f8fda5456ff6744bece790a7b97cce5e7f5b0df4be1e79e792a43ca655294c9e473837cc2d67f5b0df4e354a1250b432dbc112a396cb8caef83a9bf549b1fc1da6a53998ede413cc7dc09173d05ce8370389203ca2c97825a98857bb1d57b1e9f1d3f5683588f2da8cde6e763792e1f8743e7e5a517eb2c3cb6a5b51df6233e85ad9538e040cc5fba2e77d375473892008cedf9520cc460bb75b2af63d34f3adf12405263a52a7d42622cd85784ab7dafe5a763b125b5b8c101e4256096c91717f4db7fca555e736f2d0971b406e3b79ad6a5ac21200f3dd434cc9a940a9325d65c7d6c2e0ab98c3282029d58fa29dc6838da814a85d2479e99832234c9321e6d4e0620c52ead2da6d92c81e5b8d7e2cb664734be580ff00673c9e706f985acbeb63bdbf2d29ac56e2442b1740932528bee0799f523efd3f3dbaf435311545329e12938b24750a37eefdba696c5598790ead69e6b2f25484628cd4546fb0b7fef0f5d4078d6987a3d4652d86a630fa14ca1496d4b392ef602c93a69e9bc4701943e8cd953b2d090e27a5c5cee371f7ebb2c2af4279d2e29b0db5292a566917526c0f503a8d226d3e5b6fb2e0ba1d65614957c88fd6dea2d264b4d4a0fb2fc6548be19b6ea5c0156dec71b691c77c6b1e8f672a2cbb2698db8a7901a6a3bada7752064acdcbf4005b4894c42a1550a9ba930b895471ce4b6993279c9745917510365276f82b54a834214f2222d42525ff0077b168a2edab070a2c7c86e46d90d436a441a05452aa6d3a3497a72dc576331946e591882abdee374595eba588edd1a72a445aa452d4e79611184a905d43c8f767be06c46df03aa650e5ad0a761d3d961d5367ba5494049b7c36fe36353e87ece5d3373528b2e5b8caa4fa2094215dcf51b5fe5a5715535349e7a672a5352dc94e8eef23962294045b0bfd3eb6d3d0a5ca869a5bf5876a8a7db715ce0e2e316b978e36b0249bdfa796bda9c4cb86171e8b1a971930dc5282d0ce4798aba4589bf4f2f5fc11a911fb3d9baac590fa64df15b6dba952d3d0dee06a5bf00c2608975890a30995a9c535207ba6c2528baadb029f4e97d56aad2386a3d2e1cba8d39c534c32eb685061b2aee731b413ef0377ee81e2eb6ddaa854d744e4a251e7a10e10979bed8dbffa34b2129eea08b126e772adf68ea92d5317019e2b9953312c4a792eb05084e38db20adedd3e3a6e9359f67f21de105d2679897bade53b9733748bede677be9d47154e66555a6cb548a8488e4942956084db200f8109fdff0094b811697066ab9cdafb2d44a834e04ac12094f4f86c47a8d18f4f914ece6d2e653e4475bcbe5c369f7731ca38dd580b8b1b6a9ec375b9f193031b08af601eb5b65edb8dbf7e9baad29a84eacd35c87f9ebcb476752941497d188375277db4d73a646769ad56d554ed2a715cf5b863f2b0c6d6ea4aaf7fcb5cb6441527f16a7c163b5dfb921ec396bf09b0189dfaeaa33e2c588b6552a8ef3702347716878c6b0712e25b6c9c547cc0574df5c4aea293069ee5424ccf64c693195c9f7cb4155d0e23c1ee918929f538ea3c9e2045317193c466a4ec53214f773b272b1dda482acec7a01f2e9a8d4698ba538b8bc315280ce4545287df7326963b9b048f3ea3c81d4e99c2b32990677e60aa52d39252da9b8ea61ecac9db24acdad7bd85eda87c3d4f1666145430d7c922dff276eaa33b21b8fdb238aa39149e6261f353ce231dfc37bdbcafa89c39fc06713391a354aa49626bc1bed30907b3babf7397d3ee8cac6de1beaad50a8d4e3b696214d5bd0d11db75da729b7706cf2c282be7cc22fd46daa41a971a00dc4e37444549614d62fb4b8a5690b28ee2bbd702db1bf9d81d2a9bc3b5e6a9e9446aecd7088287325312ec9ebd3aefa811a74986da243e843b493805724c64b9cf48fd27537bf82db75fe3a9f4e2d2bb6d424f6769f4bea4f29b00ad6ab03627107ed235cb6789151d54f7739cfca9877406ac23211e691e224f9fae9f729931d5564d65d0d321c3fc8bb2dd3dde98e563f3d2d34b98e3d1cd1622a7153a5769872cef7e8af5fc119fe1d9c98d2645621c5e72d90b094b8f250763f3d3b30d69aa99449ac4343069c94ef13c2f1c7cfd474b0fb755ae145f19b15b60c9811614f8ac25be621d429723c1b5c212e7fa3a470fb5c4cdb91dfaa36584ae2b6854571ba832848c12a2a02c7a2d573d7bb7d43e176f8a9b6e49e2c9b4b76a5ecf6c95b4d30a71270e815a29471032f4d9fc1a6a90129808486a425dc023f682bcefe676b6a4f17c8eec297348a53385b165294a4fceee073f29d450e24975e75496cf63c79a8413df52722064137b6fd754597519ed2150a0cd31e9d542fde72b9e3642db58bab6c45c93b9eedb7d40f66f0c2a425fc44906525062a76dce5e2f3e9e9a8dda9f61309aa43ef47664bcea12fc90b4f7105a524f36de1f4b9db4caa44890dd655c46b4bb0dc7d574d3bb1dc5d3d30cadbdbc5f966370bd7510911f8667d49cca221de6298e5e29ef74be4755662a1c40c12d4aa4ff00850c14a53019962ee2ca7a108f2cbd77beab75d91c4c9983871f9ab66a11608208b25b61780202ee0be7adbcfa6a914f5f1535da62f1738c46a934db4e7bb3016bbd91dc5f5363d3e7a835285c42cc57d1c2b52a8cb52602141f7233a12363e1bf9fcf536b15cab227c1a5b90dc9a86e0a507972a328802dbd92f60079d95bea07e3448e6d44c4419aa0809f7a4778587a1dbf5cc1b4048f4034a3cb4f7fc5b75d0416c587416fc1cdc0656b656dff0050cb1dfd75dd4dbf0bb4d9a95169f41439838a41b7c149b11f31a90ed222b81c94a4aa43cfc971e5af14e29ef3849d868e2902e6e6c3f8a19201b1b8b8e9f83bc906c76beb3c45edd7f8834da907794a5057b990b695706fe241074e40a3432843cf29d78b8ea9c538b5755294b24abedd6291603a0ff278edf50618cbc3ce7426ff007ebf9c10bfb523fbf5fce085fda91fdfafe7042fed48fefd7f38217f6a47f7ebf9c10bfb523fbf5fce085fda91fdfae74198d3c806c54d38142ff67f96055a8d2034f7b46235914057716fa10aebf027552e0e628aaaa256b84d5362b6ea1ae5ad6c3ee2c9511b8f763af4fdda98a63871ce4351a43b11f32d090ef255890bcac966fd45c9dbeed4d7fd97d91d8133b3bcd87b9893dc4a8292ab0b8b2bd3f8ea747aa53d892814296a087da0b00f3a3efbebf9a94dfec2dff76a90ed1784a85d9a556a2459ab7a124b812e3c94f70636e97dce9be1fa8f0b53911e4568c26e9e787c01c8e4668901fb5892a07bbe97f4d4aab9e19a3394d63881fa4fb37d94de7eee297b9b9f5be43a5ad6d0a571350e8d2bb570fc3ab32e31496dbe573b305af8818ec7aebf9a94dfec2dff0076b88e453a821f49e2e8d163c28ea4b42eec58636f21baafa5c9e22e07911196d53592b6e6a1dbc88de36c0b743e4af5f2f3d55e8b2786cd2ea70171184a55252f8e649f0a8586e13d4fc8e8d068742e548eded061c6e634f73d025b6cad07e8a1442feb1b79d8ea3478bc0ee2ea4fd6a4531707da09010eb4d9593ccb58a6c3526aa8e04908c387fdaf11beda925f652ac56361dd237b7afc353e452d83d9224ce433272da47bb42891e801563f67e54a9b436e3aa4b4c95a04a24236ebd37d516a14e9239eff000cfb4a67260f37bf8b7e3171cb6bbcaba86fa83ed5a8a1b554084c5c41507146dd2c3e234aadf0f4e69b662b056eb5d939ab5aae3c5f51a02f7575d36ef6c8e69ce710ae9422219df68dcde767fd21d3a5bf2c4389c2eba8da9526a0f94cb4b5cb699c73ea37d95a99da7839f6e7332e1310e176b41ed065eecdd5d11f1eb6b79ea5cd5500c45d21f982a115d98df7b909426dcc55929badd1bfa20ea96387387ed23f1817026401252532076553a9c5d524587437b7979ea1d6699c12f48ed146935190daa6a50586e3af17074ef79dadd75d9b883851da7b297db4bd2152d2b0da1d8eb7da51b0f3c0a48f236dcea0d7e4d34c354d8a87bb3297916c285c027e5fadbd41afc14c8892059d69448bef71b8dc1b8bdf4d5421529c54a6657684cb9131d75d2e72cb775294a255dc51163b0bea6457292ea989adb887232a73a5a6c2d59af968cacd5d5bf76da9228519d4998e876538fcb71e53abc427225c51dec3f8e83c4549e1a7ea4d374c7e3ba98efb285254a71a50fd22d3f50ebfc56553fb742ffe3e9966adfc11551d4c794dc9647b4620c5d6d59215b3fe474fd6677f0355a5bd202b302b8c25014a460a5a5224d90b29db2163afc65ffd0ad54c9eb6555a316f2c39657cb3231cb0eee56bdb4f1e1efe076aed179294a8b9578ce1084df140ce41c522e6c91b6bfc56553fb742ff00e3eaaf238cf865d8a995c44ccf8719e9292a1ca8f19285dd9591e368ed7f2d3f0d9a5b4875c5cb75b71e2e3894bb247bd514e62f7f4f2f2b6a5552a552ed9264c969d4d8bb6416da5363771c5a97b2d5d4fa5ba0d3738509d2b65ee6319545f2968f343b64a73b01cc4855ba691536a95679ba93b3d2be7af690e2305afaf9a76b74d30aa4d1c37d9e9dd819bbcb5da3e5961de26fbf99df4d70ef0cd3c4586c65cb642d4ab5cdceea249dcfe52e2c84e4871052b17ea0ea241954b586e144ec8c86a5b88bb1b7ba510abad3b0d957d25965012948b25291b01a6e45760ad6b6db2ddda92b6f36cee50ac08c93b743a1c4ec5331940e49c5e5f2c2f0c33e5df1cb1daf6bdbf2d722b34ee72dca7bd05679ab4dd876dcc46c7cf11bf5d4c874961a8d22618b9beef357fc9ff476b38929207d24907e7aaa506b8aedfed9756a9eac9c4820aae122eb52b6fad9644ee4e9b9f0a98e97db9bdac3efcf79c517f97cacc952cdce06da14e450bdc8a7488211da5dfd03eac9d478bccf9f51e5a9b4ea95003acd4131d32d26439df0c6cd7d2dadf0ebe77d042120002c00f2ff003c628979a973262234669b1752d6aff6000a8fc1275568754e734aa3d3133dfba07bc64e5ba37df7411e5bdb4c7b42a4cc591263f3998321e4a5f50b5ed85f73f2d33c44c54da6587a23524a64ba9429a439e02b17eedf5ec4f6b46ed8119989cf4f371f5c7adb4e1a35622cbe52b177b3484af03e86dd3465cf96db0d26d93af2c2522e6dd4ea4541fa9b2e766cd2b65a908ccad09c9480091de037b6a57f840b8a833e3c398db43769c78a426ff0ef6e7cac7d34cb2dd5185b2f4472409c890d96021052157565fb5a5ae93548f2834bc1c31de0bc15e86dd0fe09d499d48aaf2a9921a667d41b88151d82e0494dc855fe90f2d2e22a2547b1b53bb13b5910ff003343f7c702bfe9776f6c6fe7a7b85e5c699ed16e5b0c330d2c8ce4f36f8adbdf746cab9f2c4dff0022bc86b8f6a1018a7d5111a3c7891629484f658eedeee34a37c9c579ebfc6bd6bfb1c1ff00c3ebfc6bd6bfb1c1ff00c3ebfc6bd6bfb1c1ff00c3ebfc6bd6bfb1c1ff00c3ebfc6bd6bfb1c1ff00c3ea5b758aa3931c8b55931c4879b4254a4a1c205f04a47eed2e546e25a7b8db6e86dc71131042567a249bec7e1a4d3e25721bafb8c8750c3725256a6cee1605fa7c7522913a4a6398cd34b5bcfba84a0f30a8240dfadd3a95c6899c99702230b756ec15a5cc827adac6c74c3e89ea0c3f425d584a527b888e8504aafe79027a7c0ea449a8d22af03954d727b089d079665b0817516b7dcdadb1b1df52dda8d0eb105512926a5ca990c254f470402a477883d479f9eb87e99184b2ef12305d83ee47700bfe937ee9d88f3e87557e13a738e99546b769c9164afd703e7622c7e3a89c4f4a4b823cd6798c8793655be3a9753a7a1d0dc398fc67438900e6d28a556dfa6da8b29cadc58ca98ca1c6a34994da5cef8ba76cbe7d3d35db9fab36e44105e94a9b1dd4b8d84364050d8dc9baba01a5d3203c54b10da94dabe8bacb97b2d3ea2e920fa7f92b86abf1e2b8fb502a8a4c943482a294bacada0e5be0a50bfa024ea93538535a659695c9acb6e5ef262735b779636faed8fb14ad2ea94c729698b94271a71d70b6e24b2bba92ac5a2577f2baac3d37be97c374e7e8eb44de1fa74298fbd29c4f29c8cb24e2037de0abfc352abcf3919d8aed55d9ed485cb505a726797ca2d847d97e6787cafa98bab370998ab8acb31d861fe7ac1465fef85a42b97bec85676df7d54b8616a09edd0d6d2167e8288eeabec363a9e6a35ba7baf4ea44a2aefaeded391b38ef87c180b0f3f86ab518b54d31aa558a64c0a7167bc867941d6d49c3fe2cdbd72dedaad8a7caa634cd419aa2223616b01bed2a60a2e0236b72d57b7a8ebaad55186a2350ea0d434c76228b625a6ca5571603d3f0566b905ba32454a6c67a1d49e98ff6885cb4362e1b4a7051ba6fb9d48fe0c9a934cfc5e935454833cbabed48654ff394d618e25596d9e5d3cb4dff000930ea54f448a6bad334a88b52b05c4215cfe62b0b85ab2dad70311ea7f238ae355ebf0a2b86bcda83726521048ec1137b13afe7952bfeb06ffbf5fcf2a57fd60dff007ebf9e54affac1bfefd7f3ca95ff005837fdfafe7952bfeb06ff00bf55bf644c8ee73eb1500cbbb38ddcad563f11a759ae7b1f092699da1843ea28508cf1539dd0ca5202927648161d3e3a35efcdbb026b0a9f1dd44a295b4393cb0c86837e5d2f9db1fa3a9b5443b04c596aa5dd990a56e98f216e3808c48dd2ab0fdf6d717708c372134aae4e96ed3c24a836d21d4a400aeeedb83d01d54cb75969aa5d4b871d88184df28d29c5b6a52922dfa32a6f2ebd5476df56e2b728d15c8345991207627dc507df7dae59717740c116fa22fd755287c32f466dba9f09fb3deed735e7089595c28150510ddafb0f8777517885151a73a8a7d44b909953ab18318c9561e0ff0085907faa07cb54be20738b9898f0664b759656d0424f3eee2f058464bf7d63dff2f4e9a83c25c4d1a8c61c087cb4498335d5b8b55f6ba54d2401d7cf551a23d1e88ba64ea9cd93da1335ee7a43ca529230e563e62fded2a9d5034979ff0064d22234e2ca8e2633d93db946c149d87af9db55c31e4531b8f518d566e23492af7664f27977185858b66f6e9b5afa89326533b32299c2e886f16ee5b5bcb712ac50ab0c82435d7fe33fcb85f934b8ee2cf55ad849275fee244fecc9feed7fb8913fb327fbb5fee244fecc9feed7fb8913fb327fbb5fee244fecc9feed7221456d945ef83480917fb3fcb0db4fc84214eab1692a5d8acfa0f5fc086dc94da54eaf16c158ef2bd07ae931152101d524a92d65de207536d2a4c9792db684dd6b5aac123d4e949a555e2c928f1f677d2bb7ddf86ea501f3fc0f298ae43588c2f2319293cafe96fb6ae0fe14995210de6b08473176c947a0f9e9c8cd48429c6adcd6d2bdd17e971e5a5444c84175090a5b615de483d0dbfcc0a1bf4f88f39c89aea96a69b2797ee1c009b74deda87ed9975479b93c3e876576eb90dc9c877771dd36f2d43a6e3546b97c59354fbe02c29b6ca1cc56144745023bdfb5eba84fc9f69a24a683350e4810ca9c4b9cd4841b6ddec45fd4eb8860cc8f3df7390f2221783aa2fddafa01c425cebe46fbf43a95369b18bb315c2f687221d37921b573139367ae4e5b717df6e9a80cd42b75810a455d490a65a7b9e5ae412a0324f3142fbf4f5b74d534d6deadb6834e9250a82c2b9ea919fb80e848b8ee7aed7ebaa8543899eab17d99d0ed0dacb0b7b853ab42523bd639f4e963a71b085af2648c42aca3b7ee3a7e9545a0cc9084d064327b5510b12236c316b34d83e49f81e97d2a992a7d755454c960bf25942d4f005855c24a537c7996be3d3549430fd45322a115c8f21cb10a8d6782db7576f0a8b40a4fc4ebb7ce935b87da604e92186b3472961490cb7d363617b7c4e931e42562a469ed3e8cd165092901636f2398d3758f67d522ccadd4dd7e4a628702d81862ca17824afa253b7745fa9d0e229306a41fec349edab4c5585ac25d5f385adb9b751f1d1928f6ab10ddaf49c9458792ea58e58e56c9495845fd07cf50515a9355939e21f4a987194213c9f1281496c8bfc42f23fe5e830a52579d4247258c07d2c4ab7fbb5ecec5e0bf6a2e05ca05b9896f984f5f0db4d86a0d4131dfcbb2ce7225997c804f74fd86d7b5f5497da6dfb5650b544ba06d8a0ace5bedb0d395f4f0f559b84dc45c8ed2ec6484a90917dbbdd75ec814c9f11f317b4b689ac63cc6ee0642c4fa8d47a9d45d8eca9b94e222198e202b982e838eff00f9be9b7e6a1e716fbc1a8f1e3b79b8eacf901a76a4f3e61263bdc9928a87ba534bf437dbcc692eccac45692e233429c9090149f51f0dc69507da4c19096f3ece1e4e78daf7b69baf4d91825d612eb71b34f354936e89befd74b8b26af19b75b6f35b6b7d21494fa91e9a6dd76af152979650d294fa6cb55ed61ea6fa629f2a5a55224496d94b0da81582be848bec3e3a77869295f686a2a6428dbbb8a94523eddb5221b90e73e984019f222c5cdb8b717ef9f96fb5f4038a7b7aaa200b2078d490a0bebe0b1bdf4983128f5294eae44869098cc24e5c9202cf8ba5cebb23bc39575ba984253cdb71524b2d92477bbdfb274d71076d42223cca5d4bef2b018a85c137e9d74892f5761a5b713936e2a4a4050bdae0df51e0c898953f26436ca196960ac67d1445fc3f1ff2d529121b65c8d127736534f13df4e0a1616f891a4b2c2a2b70d35e7e5869b5aae96171f941236f15ff00faea994c5d422218a4d9a4beccc792653236095356c41b7cfa6b87e6c6621a24d3db7454dd4295ef8a995205b6df73f0d48a02a994743afd29d8a67373df5294549dae928b017b693538051d9d7494b1252b90b717ce0abdd39dec9b5f6b8f969b661a60adf0ecbb3ca90404875e2b19254da92e27d5361f3d52ea54876399d4a7f98943f74b6e8282850daf8ec76d41abd5453654987505be9a6296431cb2d9404e78dca85ef729d438939709eecf47991eca06c875e5e49c6e3c29dc5fafc351a48ec29436da7b43bcf2e73086397b214ddd2abfd20a1b796bd92d0a5bea7e990e3ae44875778ca60efcbee6e15f66aa6587a314cc90ec86243b2540a0a9ac302908fdf974f2d45f633117b32298b86b8a5de525bc940e62c855fe2363d37d36eb429eeb08aeb350edcf38aed18a50125ab63f0f5d3bc4fc3acd35d6dea7371d489b25c41052b52afdd42beb6ab10680ba79895d515bae495ac2e32948085d801df161b74d3caa7cf6c46f6206180e1390969472d0e9dba6206a8696e3d3a62a9f19f135b9529d692b75d295294928493e2cb4f49ab351d9bd0930e3351273d669d05763e5926c53d7e3b6a15123f6254c8fd9f9e176e5ab0b65812838fc0e3b6911ea9ecf7797027b2d82b52ecb797920ee9f2defa82d38298ea63d5634d72729d573bb8da50a68773a6db6ff0067f96a88c427825336ac1891dd072472d66df781a95c3742ae229a88109b756e18a1d53cb5955bc5f4463fbf54caea4b68f6a52e432db6940c44e4a804285f7b1ef6da953e24fc15023c38d2797190a2a96a7f074807e03a7ed6a12fdad554b92ab018529fa237cec394a5771b17cb70353e6d5a517571a6bcd32e2e3869cc52078d1f4557bedf2d51a14da5ad66a10d87152df7d0d665cfabb04a88f3171f01a6a8748a0b95094a88b92b6d0f0462d2481b5fa9b9e9a707e2fbc61333d305c965e00890a4838e1e9b817d3925fe1290d9f637b462b4d3c1c53cdded6dba1bfeed409fcb0c34a9ee35252c3e87814a58539e971d3a59276d30fd4288a622cca5b6f428a5e49e629c740428aadddeedee3cb5192df0dbdef197dd9479c3dc21a580b56fe3163716ebb68b88e1d779eea9810990f821e2eaac90556ee11e7d7edd5625d511ca7a254e432db5b1e584a4776e3c5bdf7d5225b11e4c77df8321c912df8adf2df52585281475f317e83554ac47afa60c7a4ba8643229a5fe6ab9695a96e5bbc946fe5d2da9cc4481265b1ec26a4c7ec6c248656acfbeacac6db0fbb494bd55a860110f2ec749696dfbc61b5ab251f0eea3a6daf6abe50e7122e1725da62531f941c50b07bebe23a7aff975a8f5a8cb712c3dcd6b07d6d94aec45ee820f99d34d3b0e47ba6d4d871350782ca09b94297964a4dfc89d4280fd2dbe4d39f6dd84da6e034b47848b6a6531ca57b9a84ced52d2979692b76e0e5706e3703a69a53311f5162487da2f4e79cc5c00a6fde51f251d4a4c38d809afa9e92332725a8589f874f2d47020ba1b8c86928604c7796a0df8324e565dbe3a439588ab529b429bc9a7d6d95215e241c48c926dd0ebda8ba61cf30be5a5f586b309c42f0071c80f3b69318533b88a7f614fbf5ecc5ef8f5f51d7ae92e882e3ae26417b9d264b8e2d4bc39772547bddddac76d7bba6bd972d286dc339e2a692956490839772c46d6d36eb504a96db0e3216ebcb592859baf2c8f7ae4753a7299d8de534bc2d9cd754a6b03740412aba2de56d3b4ea5c5521a90ea9c7f3796b2b5aba925449df5128f2a9394682d29b8adf3d7dc4a938117bdcedeba3367531454b6d28782243884bc94f40b09365dbe3a75c6e0d8bd09311d3cd56eca6f64f5f89dfae83f1a9d21a504b69f75527d22c8484a760bdf603498a29fdc4d43b7247397b3f9659f5f5f2e9ff002054aa54ea1ae3b9365cd8f3897ee20aa3a8a7bdb6f991b6b87b896a1c36f27dbbef56c07ee6245b8bbea36dc00b41b7ed6ab10870826445a2c865b92f26aa84babcd285771a22eaf1f4beb89e98fd0dce7f0eb41c6d05eb09a9b232c4db629e626e37ea34ec7a8d01de4c7af269cfc843d7c13c80f17ad6e801dc7c2fa95c2dc35c26a9f5162a0fb086bb6a50d969a434a53ea591dd1ef5200df512a5c410dca4bd2e6f634c5946e79f7202414eca06db1f31a868910d4f76a77de60ab725a160a70fc0643efd3fc3b577846e5b4cad0f2c9b2f3247a776d61b9f5d3b4d66ae853cc8595a024fd0f158dbbc47981aed0bac231319b7c10926e870d91e5d4fa75d49e2da7284a623c75b9649b658f54fc0eda76271353fd9ca4456e4208901e0b4ad5881dd17cafe56d34a88b3239f0de7da5d8a51eefa851b774f5f2f2d7b255556c490376ec7ae39637b5af6dedd752ea906a5da44389da16db4d9c948f85faefb7c3cf54c974aa4998baabe96d8694f72ad74156f71f0d3922ba1501e6662a2bd157ef141c032db0be431defa7a176cb36c53913552c8f745b57c7ff3d74f54690f99096090e212d90b0a02f8e2ab1be9555669eb6129731192f20aee83b1fb6c7d08235518df8bc1e629aeb687dc13d2971592527bad91def168d117566c494f541bd81c72b5fa5edbdbae9ea8355c472a3e1cd5142878bc36045d57f2b75d482e04b5163f68ca429c26e96b0ef638fedfd96d48a9b75a6f9311494beac55dd2af0ed6b9bf95bae83e6bede256a4dc36adb1b657db602e373b6a0aa70f7336416f9c0f83b8557b01dee96fb751e73f5c6f9529b2e32b4a54aba06c546c361f13ae57b4d1976becb6b1fd2e39dbfd1defd34e0a35452f16c02b01246c7a1dfa83ebd34e4376beca56ce79dc1b7705d5bdac6da8caa7c94ba87e529870ab2429b21b2bf0917e83e1a79f875d69488f1f9eea940a406feb6e371af691aca437cfe4eedab2ced7c71b65d37e9d34cf174f588b1de5148b9cf7cca05ac37bdb54f890329289edbce73909559b4b7d76b75bed6d437bb7f25735092db2f20dd391b00a3d05c8dbd7cb527d91392f9886cf8483dd3b8b7fd93a8af5768e29f1e6c3724c791db12e0c51d7216053a8622c871eed93bb28c1950e5af1cbbc08b8f2fbf4993559ed46cde790948257b36bc0a8d86c3e2761eba5531eaca79e85e05b0851ef6395ba7a74f5d45ae3b11d629d262177b5ba3c2e669486b11d546fe5e9a93c594d5894c478ee3b649c72c2f74efd0edaa8487e8690a834cedb68f392f2549dfba5407715f03a4579d8ab70bc1b0c466fc4e38bb04a07da75221710f0ebb1a7b686d51a1b6fa5ded39af04e2adbe96c6fa911aafc2ca667b2195b717b5a549750e381bb8581e4aebb6a5d22a5495429b0b02eb25d0b052bbe2a0a1d7a1d3b01ba3c7434d4c75852cd4d3cdee12090d5b23d34b9add71b536da5b2b5250a36cfc23a788fd5eba6a5bf5d406df4296d9e5ab709365796d63d74cb34c9ed3e1720b4eab2230f76a5ded6ef6c34f3f0ebad2911e3f3dd5281480dfd6dc6e35ed2359486f9fc9ddb5659daf8e36cba6fd3a6a2f19390f1624ca4b44737c00bb8677b7dba8fd92aa8576a716db3dd22eb40ba926e3ba40f23a6aa74e7b98c3c9c9a72c4643edfd5b892547e245c55d75c8ee46298d97615b64296477bbd991bf4d2dfa8d766351514445320c384e16832d0be59107de5fbbb580ee0ebaa922a75e8f26ad37b218d5a552873a2ad86db4e49efdfbdcbbec478b55b6647109664556a49971a5371778bee92d291e2ef85241f4ea3d34aaf48ada5c6d75e3515c5543b850ecbc8e55f2fb6f6f85b4e4ee14e31089265c8c3b740e736a88ea1b4f6670660aedca4d9571f2d228547e2468035732e4a8531294adb578d94a02acdfc08e9e9a7ea554abc9085c1ecacb31d65bc13725596fdfb9b6dfb3a71a778ad0512e9d1e1cfbc0ef3896fe924e7dd27edd4479daca5c874e7a43b06388d6582f5ef9aefdeb647c86a4406aaf938aa837222adc676690dfe8d9202ae40bab7b8eba97c25db5095cd6dd0ebed31dd0a5f984957fb74293c33c8a6bb9b4a79e663db9f87d15e241b1f9e9aa535c44818b535a5afb17d19041d867f448fb74e543da4da997242a462a8e4b8970a31eb9dade7e1bf95f4201acf4e1b34acbb3faffbe78bf77efd525a62b8d47974b792e87fb1e685a820a7c398b75f5d7293c4e4bef4e724541c7239c2415230b62950b6200b0b91b6f7d1870789f964d0dba7f3911c85028512958ef6de2371fbf557a33b5a17ab124b91d828e492d84ed75127a7ae9facbd548ee768670ecd1e1969b6fa6e8199b5edbfc75569cb92d265d41f69d8d2cc305710a0246c6f7fa3f0eba7eac8aaa036f4a5c94fb83cd6dd5231d959636f3f0dfcafa54a7789d0b97f9b2db77b2288e632a24295770955efbea72a6712a54ecf6e587148836014f96c92067e587efd4cabd31e5bd25c9109e8ed36ca7b8a63cfbcb0143e171a7a5d467350a53d3e43c16637bc6c2f1efa4b6e774ede12a50f5d52a52a71ff000648e6f79172efbb523eceb7d47a037c538b0d4579a702e292095af30b090b1de1d37bfd9a5d6e4545450ec02cae325bb7bd28e59781bf5c36b694ebf3197d7d9d0c36a698520e09f5ba95bfcac3e1a6a92cbef41870d53bb34b2da326f9a76dd2e12bebe89dbe3a0fbb5c6c9edea9452dc4205cb05ac77593e77be914c76b46c8a0a69d9258b6e16141cebea9f0fefd335587588cd5459965e0e084a2d105be5d8a4b991dbcf2d46e1083c418b919eccc9e4901d1cc2a295252a06c6f6d8ea03aaac077b176beea6363973d493f58dad6d301ead30f36943287c2a22ae4347bb8fbcb036b5ee0f4b8d3949ed7cde63ef39cce5e3fa45957af95f4ba1d21c6a34f5c4e4aaaec460970fc7adff7e9b908ae325d456113ec22109fd172d48dd64f9def7fbf416cd65b2a22421ee7c5514943ae97360163717b6f707d34a08aa5926b2cce0391d03684a797d7f67afeed31c18e54233a63e212ebb0ee85252ab8ba72b8f982352783e5d6d4eae4b2f23b4a924f2c2efb00a51240bf9ab535a955d63295495404f64a68652907e9a8051cd5f6fae8d16b3c50dba5a2d2e03f1e9fcb530e366e15bad59741e9a7ea7c43c441ca8143698726345e5a6372d79821249bf7baefa9136b3c4edaa7b89650c3ed41b36ca1b74396c33dee46fbea4d6115c4caa94d7984bcf76508425941f084e5b6c55bdce9d9f0eb700a5c9aec8f7b46bba335138f3399f1d4aa7c0e2db19729129f2a896cddbfbcf02c1c15f56fb7ae9c826be0e74e9b14110ed6ed0acb2f17d1f4f3d26afedaf0f2bddf66fa91d6cf5cbf6eff0066914c76b46c8a0a69d9258b6e16141cebea9f0fefd335587588cd5459965e0e084a2d105be5d8a4b991dbcf2d44e0f66b802e2494bc99662dee43bccf065fedd3d0e2c8548aa4dac89665476c3686146c851b295e10ddc799df4cd3e2231698692db69f448161fabb92e34a6d990f388622b8f118a56b36c8df6d85d5f66a9fc60d144c4239912a71d94a4e523c287011e45607d8b1a9f49ab5492ebd0f871124a83491efcf32e761d361f76a1d59535d6231a2c790b931e9c97d05d52725f380ef213fd11ae20760c77deecab6fb14d623a0b2ca4b6856f7dfccf91ebaa6a68b25e6d72ea41970c78c97565382cec957cb50693539570a5ce43e85c60db9eef978669fa2ab2ba0f51a95c3943ad229c8830db756e18c1c53cb5955bc5f4463fbf49629d55669463d3d0ebea4c60e739d52969db2fa1dcf9efd75c3ed40ab269caa84192e49537192e02b6d494ed97975d375ca7bcd375233845e6a5b050a573f959007d752e4d325a1111be1d5bed279493690969b709fb39805be1a7bb4d72a2cb8b61b2d3d2e92d36124ee4a7eb7dbebaa7d515c4cfbab9d587229447a6b4a525282e8ee8b6e4e03548822af544f6b6a4ade2288853fdc29c7dd806c373a4719f1090f2d0c296be4240cfbc4276f2276bfa1d558f1052b9663bd0d98b083a9365ba927f48074f3d18c680e224a9d65b8eca9efd315ba5b5106dd136bdfd2daa970ed3e8aed45f8cea97ca0ea1bc1a4a1ae9b778dd7d3f7ebf179ba4bb876aecc5fcf74b98df74f927caf7eba667c86326572da65e5e56e505ab1cfef2353e651e9cb8d223d21c9454e282b927221008b6f7032d47a75469eec25b5240969cd0b0b6cc75ba0ff00d9e834d566270ebb143ef4354551750be7b4eb8063fb2ab7fafaea64b7202a2bf0df75879ae605d968f43e7aa3c3994c5accf88c38653ef25ac8afeaec12a23cc5c7c3482aa676805a53ae7e729490916e89dcabfd5f1d371205055314e53dd987f380de2845afd7e7a621b14a75c438cc771e5e7de407bc364fd2b0dce8c6342739e968ddbe77fbff003cb219e9d4daff002d64a6d4e34dd2644a5b0081914291e76bfd2d4a351e1d5c730a4c64c91da02b169ee8e6de9e63f7e90b6a84e3bcc4bcea007ec54ca1cc0286db9558d93fbf4b622f0dad6c09e88699264817716d85a3bb6bf9efe9aa7d76bed6297688f4c7d98e059652a4016bee3c5ebe7a92d4fe195a26c59119b5444ca4ab20f9b20857dff76aaf5bec4b872a98a79a75b0b4af15a0791b58f5f4d0a7ae80b2c0a93705733b40fd22d0143bbf6e988d46a8c78d3663c432ec929c5294a4a95e2dbc827fada60374b2a765b11170d01dfd373558abcb6c0837f9699aa9a2a941d337b9cfe9d9c9f879db429d50e1b5b12deecfd9239920f343ae1475036c6d73d752a4b9487bb3b4cbab61d42f22e60ac6c47d0bf96aa4cd4a3186634ea73488e952178734f7bbd6defae633c3eea202cba23cee6839142f1374f54dec6df2d53e5515d09ce61ed292d8566d25b52d43ee4eaaef4e224424bedb54a65364deee2dbb955ba7bb26fa5fb1680e99620c87de4a9d003096ce390bf8f7e9ea34dc654354f9f25f436c359a5a4ff2543cb37b6c373f7ea1c099c3eb6fb47203c17251cc654e2b1f00bf4f536f85f53eab10b4ecf69f9688dccb253dc754948f21d00d3c8e209122472cc72eb3360f667a3a16bc0b9ddeead00dba7c74c4e14051624baf069f76486d05285e20e4458157500db6f3d4ea64ca436bc6686a081231ba7921c25477f51fe95be3aed31385643aca63c675e2a7d285239ca2809c4f9e5a90e3f4e315e8b31719f679b9d949f43e7d7f598d3b899c8e911de2a8c653f8a332923a13626d7eba7d14e6587a2cb9697deecd209429d4e3bf74ede14f4f4d0995686b5381ae515b5216de6dfd45624643e0741c910168f70185a63c95b4971a1d10a082321f3d4da6ae983915020cb6d2e2805d8003a1eeec91d34d47acc6538961de6b583eb6ca55622f74107cce9a40a5388e4a96a42db9af25775db225415755f11d7d34c89511ebb0c7210e3731d4acb7f514a0aba87cf4ca1da696fb3b1c86fb2beb6bdd7d4381174fc3515b954d204268b5143121c6b041b5c77143d069ae1a7d319b6232da535179f860acbddf9dfc43edd7645535b6fb4a1e6420c958e607777123bde76fb2da53b4969f495231b3b39d745be4b51b69aa6b71b38b1e5ade6b9131c183b7564724aafd54af3d47a8c87931cb19a23bd36a0b36ced90bb8adfc23eed1a1418edbb4d792b1cb4ba569505124ef7f5274fc444574aa429b71e75735d53b923c0ac8aae08f51a873534fc9ea7f33b33ce3cb52815f88924f7bedbe9da9a590ea9f715da1e8d3563997094a9271574b253dde9b694af68c6626157f24f6894a798538e5cacad9636ded7d2784ea4d99317901a702d66eb03e37bfefd4e6114a484d4db4a2680e2bde2529c40ebb6de9a33021872685dc812493742397e1bf92576fb745b669ab23268a79925c561cb56484a6ead920fd1e9a92dc48d8896f29d91df2725aba9f8698020ba1b8e86d28604b7396a0df8324e565dbe3a6fdb09e63ca8ca404225a905c6ae2e084a8649bdbedd25f910f25261ae283cc57e8956c93d7e037eba625221b882c36db694a24b812b4b7e0cc5ecbb7c6fa5ba2032a9689a99ce00f9c92f792c8bfff002d172ad079a4c65c73ef143ddaed90d8fc06a6a5e80142a2ca5a9975abde2522c3cf6d8f96a2b31d1eee2326333d9262d3eec6c5b252aef0b8dc1d38c08cd977b5b735c6c3e6e1c0314aed7dbc3f2db4883ecccda6a2b91db43af2d566964152373f01f2b6951d309c5e721b796b7a4b8b5a96df82ea26fb5ba74d4c891d943b12a6e2d72f96f921d52b656e0edd3cb464458e87076f4ca2a6e4288e7b7dd07af9636b7c348acd42121c758654842dd370849b13b1dbc86faa7f14449519a814d65e723a46e9bbbb95f30aad8f5b0b6d7d38fbb4b5af9dcd38f6c7711ccf1e232b26ff000d44abc88695caa78508ce647dde42c7e7f6ea423d9ea537250b42d85c8596d2166eac537b22e7d35260c54739de730e4c0b9eb71ccd1bb455755c695588309497959e3779452de66ebc124d9373d6da67dab139bc85153575916252527a75d89d76562925b4f2db424a24381490da8a9041bdc1049dfae91ed469486a3a16953cb9ce24a92b3de0b5e575027d74b8112363c97d2a52a3cd5871a7036103bc1574f72c2da4cf9d15315a612ca779ab69b1cb3eec9ef0048f53a551a1bb11e8535d7016c49cc3ab55d4b037ebd4fc353e9d4b5143d3e2f675ca9ab72494b7e8325f95f6dfae988953cdb8f0a1f20ac4c5b20b36dc2f122e36f3d2ea4a8ce34e2ca57cd8f31c6f1c5185c627bbdcd8dba8d1531090e3321961392242885a1a564dee0f91defe7e7aed4c44295f6c54ab8797bbaa162aebe9e5d3f59a4ae24590e066aa16eaa3c0324a13cb5ef85b7d416a149aab31598521c78a69c62075d0b41424a2dffd6c7e3aa69aa54b88087e92b756a8e85a9d136c8c1b5048b84f5d8ed7bdf55ba9d66a1536a6860371da6dac9295165b2a5b68fa5dfcba7c6daac3aeb35475e649ec8b0a5f31c188ddbe6b798f3ea15e76bea3d31f9d596a32ab2a064e0ea55d9cc7bf89c17b67e67cfd34b43f265a1a150500cf29c2caa2f2f6ded80dfcef95f6d49629f3aa8e2dae216db4b294a8c64c6c125dc8dac363feab69b0fb955e7f3267b51b7593d9db46fc8e55fba7e8f43bef7d2995d46b58a56d97242989202ce2bba4f7398d9e97c72474d769934bab03d9e96b3ee33752a4baa2b3b2775016276d41931a3cf9023d6e4aa9aece695cce4f66584172e2e0666d757c34f2ab72e6388eccd731331a7014bfbe562b03ee4f747968c7e755e2a131ea6e7e6e148c9c0ffb91d3cc74f51ae17a85568f2a5a9a94d3b5169b84a7143dc2b2ba00fac74efb2a9754831aa15b79d8ccc642d0a651ca16c928495242960f77ba3d74d55e647ad76a974384890e32871252a0e90e5ec8245b624019778dbaea52ea34f932a7b699296d89485256e8bab01bee76b6a550574d7c43c038d4f7e03aca9f55909b595b27102df1ebebae26a83704ad854b8e447f66e4ec9460de5ca73cbcfa03d3524f36762894be547432b2dae372bbb6b8e5837f3be596d6d49c8d6c455f635bcb5b4ea9e6d199e7e054904aad6be23e43555934a875719b7515c575c8cb0eac92c72cf4be4403f1d8eaa710542aae45ed504f693753a1b5fe9f946db9f80e9a79ea7556b6f36c54652186b94e87176c304e494ab157ecad38ee6fa97039521a7591ca7b3189c8a01d8fdbd46a8fd913568cec3e1d9614a6db5a1697c29166f71ea361e76d217527e7b6f7d360c7739659e47cb0072f8e596d6d52c2aab58ca45339ab596dc52d32fbb641084f403c95b1ef5f55ea9c744f4ae45421768798428acb18239a5af5b6e36e9f66acccdaba61b4996e53d5202925e092df252ee43cce5d7729d3caadcb98e23b335cc4cc69c052fef958ac0fb93dd1e5aa3d46a71a726ced4d172daf1177ae8bfa029f33d6c3556769ce4d61b312186df8f196b1fa45e63b9dee96be3b8bea44b762548cc436e86867efd63236524a917e9d324e56d258aa3f5c14e1563cc7d861ee7f28b3745b24e653ccf87ddaa4d152dd45a62a363294b42926272df5ad77fa9cc4e23e3a654c2aacda84a9a7b3b0c3a92efbf387790956f6e8163037d10dc6aba582f2da90cb885adbe598fb1eea70032f99bf5d4ba23316b0b6c70b94488d3232c612760943408fab7e9f0f3d06a4bf310da66583259739262f2f6f2c06fe77cafb6b88dca6a6a49e7d5222dd718428abb314a798a6b6dc8dc6db8b6a63f52edae3289aefb3ccb6d5cf5c7dad707bdd72b5f7e9a76ac6912613d5e8cff36432f12a69db97192b4dbdddbc1bfaea99c712c540c59b54573a2c66d6e72d90c9427b89f22e0cbed1a95ed0aad661ba8a5de2074a900be56f5af7f4186df2f86a3d6e5a6a30db9d3d664c7421d0b8cda5bc5031402b482b04ec3cc5f4e53eb3ed779e553a2f626e244572de565ef4ba00d956b75d4b3205519a6b95c3da1d80caf9bcaecc9c71c45f1e6752351e3311a5bd254ec538cb8d777f4a9ddc423e1d7505f54c5e736afcd94e5262f2511d223ad3b75c6ff5be3aa4d12a13a7035848e6ade252b63b3baa2bf966de03e3aae434fb5a573214ae5dd971210acbb89c149c6ff5796adc751a90cd41cad07bb41115961826298dc8d8a89eedf2bfed5edaa332cc7acb6b62341e72394e142813ef6e94a6db79e46fe8354e9b3a55516891327a2633232e5b6d82ae56d6eef958f9febded5a8a1c520be86acd26e6ea55b4282aab204a528279763e222e137e995bcbaebd9afca623ca96b4ad694b7e252bba0a881b5ed6dfd34e52a3d5db53ed67922c7e8f8ac7a2ade76d3298f5f695da558b1dd577cf77e1fb43ff0020ebb5d224099f9d30ca909ba2c1d58485ee371f1e86da9af3550e7aa032b71d69a6cdd4126c713d15bedb74d354f8d531da1e48296949237c72c6fd32b6f6ebaa940ec8ebafd369bdb169b592b1bf76fa333db48b070214808515656cbc36b9db7be871253d84ce438a683010f621ce628241bfdba7e1d568bd92646931db7185c90a494bcab2549501bf9edf0d488edd6dabc56d6b78a81002506ca209d8d8fa6b315d4f8826dc95df220a80b5bad81d47a9bd5b6f932d0571d494a8e491d4d80b803cfd34696c55da5c8b77522f8a8e39db2b5af8ef6d4212ea2db2fcd65b712d0ba8273f0dd56b0bf95ed7d388abd492c16a3f3d7924ecde58dffd2207dba453e530c4d617316c484ba8c825686f99d31391db4dc18f1114c8ce476de62ede209714a16b24586e3af4ef6a2a24455655092508e537f4b1bdd5f701af697b41b614dc34c894d2d5fa149f8db7f4db4e5429d382da6490f1292928205f70771b6999cae1092dc096dad7125f342b602e0ad23c008e9d749a8553086d2a1467eea70ab1e75c049dbe1d749ecd3da31bb3bcebb216a29e5f2ca4281491fb5af687b693873b956e52f3cad95b0b65d37e9a7a9905216db709992dc94aee1c4b995bff0077f7ea42555b47e6a95178e0ab592ac5446ddeb1eb6e9a729f51ada1b759fd22796a36d81f21e8a1f7e9ea8a6badf258752dbae62aeea95e1f2e87d7a6a0bb1e4a9e44f9a63214db67ddac0df2bf87ff009ea44b8f5b6d4dc46b9af2b156c8fac36ef0f88d221b15f68b8b73000a543bd6bf98dafe5ebe5a58a2d452f16c02a1894ec7a1dc6e0faea4a056d1f9a36b5be705582526ca20dbbd63e97d48a9b75b6f9315694beac55b157876b5cdfcadd7554e286e2ad51e98f3a8ee1b977000dfe1d7ecd299e22a5b4c30f96da6dc4494c961fe66c1192475f81f5d2627b4da61b6b3421b6d855872ce2a0001d068bdda90fbc594bad4742bc6951b037b587c2fd74eb9edc41e4bdca584b6a273ef776d6b93dd3d34c4a955d6c372592eb0b4a54ac90362761a5c84575b5250ef2c84a144936cb616b916dee36d3110d6da2a9294299c6e5242fc1de1b0bf95ff0007b53b135da797cbed1cb19e1d71bfa7f90974b625861ce6b4e36e29bc80285a562e2e3d34647b690212eacdd49c8fd9bde73d206c179786e01e9a7ab54bae223b7352c09cd390c38a3ca26d8126c9bdedb83a63995c4ae1c25ca5c16446b2d25fcaf9ab2ef5b23e4350187aa59a21d11ca7ab16712bcf1bafaf77c3fbf4961fabb256dae2f2dd6a2281286561763759dcdbcac07a6a5c89fc51cd32614a8b998c73c5d370492bfa3e80016f4d3753, '', 0);

-- --------------------------------------------------------

--
-- Table structure for table `sagar`
--

CREATE TABLE `sagar` (
  `id` int(11) NOT NULL,
  `fname` double NOT NULL,
  `sname` double NOT NULL
) ENGINE=InnoDB DEFAULT CHARSET=latin1;

--
-- Dumping data for table `sagar`
--

INSERT INTO `sagar` (`id`, `fname`, `sname`) VALUES
(1, 19.168579899999997, 72.8698843),
(43, 19.0428042, 72.8908119),
(44, 19.045723, 72.889767),
(46, 19.036535, 72.8966726),
(47, 19.0759837, 72.8776559),
(48, 19.0759837, 72.8776559),
(49, 19.0463017, 72.8928885),
(50, 19.0463017, 72.8928885),
(51, 19.0463017, 72.8928885),
(52, 19.0463017, 72.8928885),
(53, 19.0463017, 72.8928885),
(54, 19.0463017, 72.8928885),
(55, 19.0463017, 72.8928885);

-- --------------------------------------------------------

--
-- Table structure for table `sos`
--

CREATE TABLE `sos` (
  `ID` int(11) NOT NULL,
  `username` varchar(100) NOT NULL,
  `location` varchar(500) NOT NULL,
  `contact` bigint(11) NOT NULL
) ENGINE=InnoDB DEFAULT CHARSET=latin1;

--
-- Dumping data for table `sos`
--

INSERT INTO `sos` (`ID`, `username`, `location`, `contact`) VALUES
(4, 'sagar', 'india', 84411011058);

-- --------------------------------------------------------

--
-- Table structure for table `sos_hospital`
--

CREATE TABLE `sos_hospital` (
  `lat` double NOT NULL,
  `lag` double NOT NULL
) ENGINE=InnoDB DEFAULT CHARSET=latin1;

-- --------------------------------------------------------

--
-- Table structure for table `user`
--

CREATE TABLE `user` (
  `id` int(11) NOT NULL,
  `username` text NOT NULL,
  `password` text NOT NULL,
  `img` text NOT NULL
) ENGINE=InnoDB DEFAULT CHARSET=latin1;

--
-- Dumping data for table `user`
--

INSERT INTO `user` (`id`, `username`, `password`, `img`) VALUES
(1, 'sagar', 'sagar', 'img/person1.jpg'),
(2, 'rahul', 'rahul', 'img/person2.jpg'),
(3, 'doctor', 'doctor', 'img/doctor.jpg'),
(4, 'doctor1', 'doctor1', 'img/doctor1.jpg');

-- --------------------------------------------------------

--
-- Table structure for table `users`
--

CREATE TABLE `users` (
  `username` varchar(50) NOT NULL,
  `password` varchar(50) NOT NULL
) ENGINE=InnoDB DEFAULT CHARSET=latin1;

--
-- Dumping data for table `users`
--

INSERT INTO `users` (`username`, `password`) VALUES
('patient', 'patient'),
('sagar', 'sagar'),
('sagar', 'sagar1');

--
-- Indexes for dumped tables
--

--
-- Indexes for table `category`
--
ALTER TABLE `category`
  ADD PRIMARY KEY (`id`);

--
-- Indexes for table `conversation`
--
ALTER TABLE `conversation`
  ADD PRIMARY KEY (`id`);

--
-- Indexes for table `doctor`
--
ALTER TABLE `doctor`
  ADD PRIMARY KEY (`id`);

--
-- Indexes for table `login`
--
ALTER TABLE `login`
  ADD PRIMARY KEY (`userid`),
  ADD UNIQUE KEY `username` (`username`);

--
-- Indexes for table `messages`
--
ALTER TABLE `messages`
  ADD PRIMARY KEY (`id`);

--
-- Indexes for table `newsfeed`
--
ALTER TABLE `newsfeed`
  ADD PRIMARY KEY (`id`);

--
-- Indexes for table `newsfeed_patient`
--
ALTER TABLE `newsfeed_patient`
  ADD PRIMARY KEY (`id`);

--
-- Indexes for table `patient`
--
ALTER TABLE `patient`
  ADD PRIMARY KEY (`id`);

--
-- Indexes for table `pharmacist`
--
ALTER TABLE `pharmacist`
  ADD PRIMARY KEY (`id`);

--
-- Indexes for table `report`
--
ALTER TABLE `report`
  ADD PRIMARY KEY (`id`);

--
-- Indexes for table `sagar`
--
ALTER TABLE `sagar`
  ADD PRIMARY KEY (`id`);

--
-- Indexes for table `sos`
--
ALTER TABLE `sos`
  ADD PRIMARY KEY (`ID`);

--
-- Indexes for table `user`
--
ALTER TABLE `user`
  ADD PRIMARY KEY (`id`);

--
-- AUTO_INCREMENT for dumped tables
--

--
-- AUTO_INCREMENT for table `conversation`
--
ALTER TABLE `conversation`
  MODIFY `id` int(11) NOT NULL AUTO_INCREMENT, AUTO_INCREMENT=25;
--
-- AUTO_INCREMENT for table `doctor`
--
ALTER TABLE `doctor`
  MODIFY `id` int(11) NOT NULL AUTO_INCREMENT;
--
-- AUTO_INCREMENT for table `login`
--
ALTER TABLE `login`
  MODIFY `userid` int(11) NOT NULL AUTO_INCREMENT, AUTO_INCREMENT=9;
--
-- AUTO_INCREMENT for table `messages`
--
ALTER TABLE `messages`
  MODIFY `id` int(11) NOT NULL AUTO_INCREMENT, AUTO_INCREMENT=20;
--
-- AUTO_INCREMENT for table `newsfeed`
--
ALTER TABLE `newsfeed`
  MODIFY `id` int(11) NOT NULL AUTO_INCREMENT, AUTO_INCREMENT=25;
--
-- AUTO_INCREMENT for table `newsfeed_patient`
--
ALTER TABLE `newsfeed_patient`
  MODIFY `id` int(11) NOT NULL AUTO_INCREMENT, AUTO_INCREMENT=28;
--
-- AUTO_INCREMENT for table `patient`
--
ALTER TABLE `patient`
  MODIFY `id` int(11) NOT NULL AUTO_INCREMENT;
--
-- AUTO_INCREMENT for table `pharmacist`
--
ALTER TABLE `pharmacist`
  MODIFY `id` int(11) NOT NULL AUTO_INCREMENT;
--
-- AUTO_INCREMENT for table `report`
--
ALTER TABLE `report`
  MODIFY `id` int(11) NOT NULL AUTO_INCREMENT, AUTO_INCREMENT=17;
--
-- AUTO_INCREMENT for table `sagar`
--
ALTER TABLE `sagar`
  MODIFY `id` int(11) NOT NULL AUTO_INCREMENT, AUTO_INCREMENT=56;
--
-- AUTO_INCREMENT for table `sos`
--
ALTER TABLE `sos`
  MODIFY `ID` int(11) NOT NULL AUTO_INCREMENT, AUTO_INCREMENT=5;
--
-- AUTO_INCREMENT for table `user`
--
ALTER TABLE `user`
  MODIFY `id` int(11) NOT NULL AUTO_INCREMENT, AUTO_INCREMENT=5;COMMIT;

/*!40101 SET CHARACTER_SET_CLIENT=@OLD_CHARACTER_SET_CLIENT */;
/*!40101 SET CHARACTER_SET_RESULTS=@OLD_CHARACTER_SET_RESULTS */;
/*!40101 SET COLLATION_CONNECTION=@OLD_COLLATION_CONNECTION */;
